unit,unit_sub_level,channel_type,river_mile,area_sq_m,latitude,longitude
1,NA,LFC,1,3902.530714,39.51783945,-121.5508326
2,NA,LFC,1,3323.048794,39.517642,-121.5510633
3,NA,LFC,1,3969.676141,39.51750555,-121.5507017
4,NA,LFC,1,2357.769471,39.51684927,-121.5510461
5,NA,LFC,1,6545.378754,39.51734016,-121.5525429
6,NA,LFC,1,1936.578936,39.51747002,-121.5518277
7,NA,LFC,1,2883.876254,39.51733859,-121.5516827
8,NA,LFC,1,3825.779683,39.51700719,-121.5520552
9,NA,LFC,1,3143.783888,39.51670764,-121.5521133
10,NA,LFC,1,4211.307586,39.51661002,-121.5519437
11,NA,LFC,1,4199.905824,39.51646734,-121.5518317
12,NA,LFC,1,8318.691236,39.51694925,-121.5530151
13,NA,LFC,1,3495.88142,39.51659791,-121.5534471
14,NA,LFC,1,2376.231069,39.51639577,-121.5533427
15,NA,LFC,1,2422.103837,39.51625971,-121.5532719
16,NA,LFC,1,2287.579295,39.51611856,-121.5531688
17,NA,LFC,1,2083.76645,39.51683008,-121.5541974
18,NA,LFC,1,1693.419668,39.51662535,-121.554289
19,NA,LFC,1,8353.539896,39.51608791,-121.5541997
20,NA,LFC,1,3445.733573,39.51656482,-121.5560366
21,NA,LFC,1,5265.999943,39.51645664,-121.5559344
22,NA,LFC,1,6042.114837,39.5163741,-121.5556055
23,NA,LFC,1,4216.194286,39.51600154,-121.5555029
24,NA,LFC,1,3800.59796,39.51585018,-121.5556171
25,NA,LFC,1,3328.326076,39.51570342,-121.5554847
26,NA,LFC,1,3582.043765,39.5163336,-121.5573618
27,NA,LFC,1,4455.38637,39.51614072,-121.5582444
28,NA,LFC,1,7018.588394,39.51592593,-121.5581436
29,NA,LFC,1,3188.908447,39.51587186,-121.5575298
29,A,LFC,1,3235.393558,39.51568841,-121.5586123
30,NA,LFC,1,3569.869632,39.51588982,-121.5566438
31,NA,LFC,1,3949.611443,39.51570486,-121.557419
31,A,LFC,1,2031.910915,39.51551958,-121.5585223
32,NA,LFC,1,3385.796248,39.51553245,-121.5571922
32,A,LFC,1,2666.088279,39.51536737,-121.5585421
33,NA,LFC,1,7637.805369,39.51599742,-121.559687
34,NA,LFC,1,2282.586993,39.51574293,-121.5598041
35,NA,LFC,1,4516.038203,39.515550760000004,-121.5595347
36,NA,LFC,1,8219.013515,39.51508535,-121.5603804
37,NA,LFC,1,14945.09228,39.51560908,-121.5616537
38,NA,LFC,1,17084.19259,39.51541965,-121.5606996
39,NA,LFC,1,8753.755495,39.51498309,-121.5618181
40,NA,LFC,1,2456.489663,39.51510747,-121.5638487
41,NA,LFC,1,3503.735621,39.51482897,-121.5640978
42,NA,LFC,1,3409.67493,39.51488062,-121.5636506
44,NA,LFC,1,10448.23011,39.51432571,-121.5631375
46,NA,LFC,1,6940.564928,39.51447916,-121.5654546
47,NA,LFC,1,9973.761523,39.51427443,-121.5652555
48,NA,LFC,1,12813.73448,39.51396757,-121.5650668
49,NA,LFC,1,6353.692884,39.51363643,-121.5651062
50,NA,LFC,2,6610.951197,39.51364898,-121.5677542
51,NA,LFC,2,8317.852154,39.51355072,-121.5674774
52,NA,LFC,2,6045.084687,39.51337483,-121.5674159
53,NA,LFC,2,16635.69845,39.51272165,-121.5680468
54,NA,LFC,2,5882.940218,39.51289801,-121.5698524
55,NA,LFC,2,7397.494553,39.5126509,-121.5698269
56,NA,LFC,2,8720.852377,39.51277421,-121.5690646
57,NA,LFC,2,7034.709695,39.51230669,-121.571874
58,NA,LFC,2,20657.30945,39.51201037,-121.5715775
59,NA,LFC,2,7825.792794,39.5117025,-121.571306
60,NA,LFC,2,13003.49941,39.51214707,-121.5747372
61,NA,LFC,2,9951.094114,39.51166041,-121.5745904
62,NA,LFC,2,8672.321529,39.51132965,-121.573864
63,NA,LFC,2,8908.458727,39.5110608,-121.5738002
64,NA,LFC,2,5045.036922,39.51170707,-121.576269
65,NA,LFC,2,9353.400547,39.5115924,-121.5757026
66,NA,LFC,2,7217.449273,39.51117936,-121.5755512
67,NA,LFC,2,4028.502849,39.51086583,-121.5754028
68,NA,LFC,2,8142.613312,39.51073866,-121.5772016
69,NA,LFC,2,18796.22511,39.51062682,-121.5768866
70,NA,LFC,2,8108.070037,39.51039815,-121.5766222
71,NA,LFC,2,5906.472293,39.50764098,-121.5783574
72,NA,LFC,2,10814.85146,39.50817168,-121.5779201
73,NA,LFC,2,7275.7964,39.50847237,-121.5775621
74,NA,LFC,2,1181.98687,39.50693901,-121.5784712
75,NA,LFC,2,2621.176245,39.50694023,-121.5782174
76,NA,LFC,2,1514.431166,39.50689037,-121.5779273
77,NA,LFC,2,5479.597965,39.5057913,-121.5786158
78,NA,LFC,2,9219.410768,39.50583194,-121.5783192
79,NA,LFC,2,7062.743232,39.50583121,-121.5780052
80,NA,LFC,3,7818.219075,39.50406225,-121.5790072
81,NA,LFC,3,11542.30759,39.50407611,-121.5786551
82,NA,LFC,3,8770.264912,39.50398725,-121.5783193
83,NA,LFC,3,8433.13054,39.5020615,-121.5794294
84,NA,LFC,3,15747.20769,39.50219254,-121.579004
85,NA,LFC,3,8569.026036,39.50221658,-121.5785948
86,NA,LFC,3,10126.68183,39.50021277,-121.5794537
87,NA,LFC,3,14760.30347,39.50025778,-121.5790649
88,NA,LFC,3,8272.861847,39.50021311,-121.57867830000001
89,NA,LFC,3,8426.685953,39.498284,-121.5796663
90,NA,LFC,3,16042.61065,39.49825401,-121.579258
91,NA,LFC,3,12480.52884,39.49830688,-121.5787751
92,NA,LFC,3,2223.082707,39.49704936,-121.5798066
93,NA,LFC,3,3116.385073,39.49702735,-121.5795089
94,NA,LFC,3,3447.297905,39.49702229,-121.5791589
95,NA,LFC,3,3163.606952,39.49708264,-121.5788013
96,NA,LFC,3,9463.939698,39.4955651,-121.5799255
97,NA,LFC,3,10490.65459,39.49563548,-121.5796431
98,NA,LFC,3,5742.16829,39.49559646,-121.5794085
99,NA,LFC,3,7094.604449,39.49471718,-121.5788123
100,NA,LFC,3,4634.662934,39.49372834,-121.5798864
101,NA,LFC,3,16046.44494,39.49376299,-121.5793743
102,NA,LFC,3,4381.679593,39.49371971,-121.5788467
103,NA,LFC,3,12133.27811,39.49215584,-121.5794342
104,NA,LFC,3,15573.81625,39.49199864,-121.5790911
105,NA,LFC,3,9935.490096,39.49211837,-121.5788439
106,NA,LFC,4,7801.430611,39.48946442,-121.578944
107,NA,LFC,4,14079.90226,39.48936989,-121.5785601
108,NA,LFC,4,8163.200702,39.48945415,-121.5781915
109,NA,LFC,4,6247.525536,39.48777195,-121.5785892
110,NA,LFC,4,17076.19709,39.48792645,-121.5780275
111,NA,LFC,4,3877.290211,39.48774609,-121.5774982
111,A,LFC,4,5219.386344,39.48877729,-121.5774529
112,NA,LFC,4,13717.19495,39.48626277,-121.5784591
113,NA,LFC,4,30615.29808,39.48552502,-121.5781955
114,NA,LFC,4,11178.24434,39.48615173,-121.5776566
115,NA,LFC,4,2507.0755,39.48453463,-121.5788964
117,NA,LFC,4,2113.43769,39.48468539,-121.5778926
118,NA,LFC,4,3456.478161,39.48402098,-121.5780459
118,A,LFC,4,3348.694053,39.48357012,-121.5784806
119,NA,LFC,4,5993.277174,39.48327635,-121.5795119
120,NA,LFC,4,9607.341002,39.48276689,-121.5793973
121,A,LFC,4,4442.108341,39.48387725,-121.5788567
122,NA,LFC,4,7081.708539,39.48130563,-121.5799831
123,NA,LFC,4,18558.26556,39.4811185,-121.5796152
124,NA,LFC,4,6726.996842,39.48113213,-121.5792912
125,NA,LFC,4,5392.069372,39.47935391,-121.5803665
126,NA,LFC,4,10004.45267,39.47931922,-121.5800738
127,NA,LFC,4,17836.69116,39.47939972,-121.5795253
128,NA,LFC,4,11387.76317,39.47941902,-121.5789829
129,NA,LFC,4,3017.065729,39.47815857,-121.5807784
130,NA,LFC,4,7015.226133,39.47812497,-121.5804038
131,NA,LFC,4,7795.996801,39.47808087,-121.5798424
132,NA,LFC,4,6059.975812,39.47804039,-121.579319
133,NA,LFC,4,4653.556594,39.47724323,-121.5810838
134,NA,LFC,4,9185.237411,39.47724811,-121.5806406
135,NA,LFC,4,8638.463698,39.47719291,-121.5800653
136,NA,LFC,4,4284.184744,39.47721861,-121.5796223
137,NA,LFC,5,8196.515299,39.47621684,-121.5814535
138,NA,LFC,5,13301.05341,39.47607107,-121.5809479
139,NA,LFC,5,12875.75973,39.47586031,-121.580524
140,NA,LFC,5,9139.043971,39.47538405,-121.5803607
141,A,LFC,5,5378.308016,39.4749319,-121.5818518
141,NA,LFC,5,9365.808871,39.4747212,-121.581562
142,NA,LFC,5,4143.187667,39.47442714,-121.5813142
143,NA,LFC,5,3698.838176,39.47394651,-121.5824903
144,NA,LFC,5,8370.120781,39.47375598,-121.5821414
145,NA,LFC,5,3641.911867,39.4735557,-121.5817688
146,NA,LFC,5,8805.39968,39.47253469,-121.5833518
147,NA,LFC,5,23557.95592,39.47239617,-121.5828687
148,NA,LFC,5,8662.890639,39.47198563,-121.5824649
149,NA,LFC,5,13303.14537,39.47042354,-121.584941
150,NA,LFC,5,27237.41449,39.47116107,-121.5837531
151,NA,LFC,5,9824.526635,39.47011021,-121.5841126
152,NA,LFC,5,13808.89096,39.46939123,-121.5872812
153,NA,LFC,5,18217.48798,39.46904992,-121.5870799
154,NA,LFC,5,8070.062781,39.46889707,-121.5866631
155,NA,LFC,5,6884.063306,39.46862303,-121.5894513
156,NA,LFC,5,15270.7619,39.46828079,-121.5892489
157,NA,LFC,5,4810.913626,39.46803605,-121.5888984
158,NA,LFC,5,7650.010056,39.46779189,-121.5917392
159,NA,LFC,5,34143.42741,39.46743095,-121.5914519
160,NA,LFC,5,9667.786647,39.46703967,-121.5911299
161,NA,LFC,5,11648.43998,39.46909436,-121.5914345
162,NA,LFC,5,9377.934442,39.46875513,-121.5917042
163,NA,LFC,5,10867.81773,39.46824877,-121.5923315
164,NA,LFC,6,7326.074176,39.46733731,-121.595165
165,NA,LFC,6,14328.23729,39.46690744,-121.595741
166,NA,LFC,6,18119.26337,39.46702644,-121.5945499
167,NA,LFC,6,22177.82621,39.46673734,-121.5940474
168,NA,LFC,6,12538.23189,39.46634487,-121.5942581
169,NA,LFC,6,6595.666306,39.46717072,-121.5971474
170,NA,LFC,6,10887.22727,39.46683964,-121.5975113
171,NA,LFC,6,12308.34737,39.46641835,-121.5972092
172,NA,LFC,6,10332.36949,39.46579405,-121.5971815
173,NA,LFC,6,1904.926487,39.4664131,-121.5994287
174,NA,LFC,6,1645.786363,39.46624825,-121.5992165
175,NA,LFC,6,1269.600609,39.46628399,-121.5989507
176,NA,LFC,6,8061.552512,39.46567047,-121.6015628
177,NA,LFC,6,13192.08471,39.46551963,-121.6014953
178,NA,LFC,6,3943.250734,39.46589523,-121.6001181
179,NA,LFC,6,2142.369899,39.46575083,-121.5997348
180,NA,LFC,6,4211.610646,39.4658147,-121.5991891
182,NA,LFC,6,11696.00981,39.46364409,-121.6041959
183,NA,LFC,6,5175.644429,39.46522581,-121.6017803
184,NA,LFC,6,8822.972006,39.46316174,-121.6045205
185,NA,LFC,7,10216.82345,39.4618489,-121.6050189
186,NA,LFC,7,4218.697006,39.46382078,-121.6037125
189,NA,LFC,7,14206.25631,39.46202241,-121.6039028
190,NA,LFC,7,7464.953811,39.46209616,-121.6026374
191,NA,LFC,7,8892.011249,39.46162277,-121.6071745
192,NA,LFC,7,8479.294309,39.46142533,-121.6072224
193,NA,LFC,7,8819.010851,39.46134218,-121.607055
197,NA,LFC,7,14985.50013,39.46040071,-121.6111141
197,NA,LFC,7,2510.401442,39.45824869,-121.6137823
198,NA,LFC,7,20578.4172,39.4601231,-121.6111133
199,NA,LFC,7,17236.95934,39.46000904,-121.6108838
200,NA,LFC,7,2774.957529,39.45621277,-121.6147888
205,NA,LFC,7,3149.92646,39.45768223,-121.6133865
207,NA,LFC,7,8845.298277,39.45787856,-121.6136529
210,NA,LFC,7,11439.41838,39.45678701,-121.6129365
215,A,LFC,7,1787.265002,39.45717987,-121.6144794
215,B,LFC,7,2770.379595,39.45713688,-121.6141917
215,NA,LFC,7,7329.497848,39.45645204,-121.6149814
216,NA,LFC,7,2181.655031,39.45703985,-121.6146242
217,NA,LFC,7,2149.318815,39.45684453,-121.6140597
218,NA,LFC,8,17291.6618,39.45686129,-121.6185734
219,NA,LFC,8,28439.67066,39.45657859,-121.6184428
220,NA,LFC,8,16061.1195,39.45631081,-121.6184163
221,NA,LFC,8,4466.932151,39.45649851,-121.6221036
224,NA,LFC,8,6602.580028,39.45727083,-121.6220665
225,NA,LFC,8,3237.530481,39.45664932,-121.6220335
226,NA,LFC,8,12077.96107,39.45708352,-121.6241147
228,NA,LFC,8,5117.612414,39.45719457,-121.6250248
230,NA,LFC,8,559.383509,39.45696094,-121.6286838
231,NA,LFC,8,16883.64413,39.45625711,-121.6245312
232,NA,LFC,8,6453.043221,39.45693338,-121.6277378
233,NA,LFC,8,15707.38264,39.45668047,-121.6271442
234,NA,LFC,8,19954.78584,39.45634371,-121.6266826
235,NA,LFC,8,9146.29694,39.45600008,-121.626645
236,NA,LFC,8,4577.926921,39.45679217,-121.6294223
237,NA,LFC,8,12697.95399,39.45644355,-121.6292624
238,NA,LFC,8,6116.135626,39.4561644,-121.6292817
239,NA,LFC,8,4565.974201,39.45602256,-121.6292449
240,NA,LFC,8,7808.241803,39.45645585,-121.6317888
241,NA,LFC,8,17136.33292,39.45613574,-121.6317878
242,NA,LFC,8,15685.0556,39.45575017,-121.6316051
243,NA,LFC,8,9887.482091,39.45545161,-121.6309515
244,NA,LFC,8,8367.62319,39.45638735,-121.6342381
245,NA,LFC,8,22549.55723,39.45593545,-121.6340299
246,NA,LFC,8,4536.074587,39.45541498,-121.6335711
246,NA,LFC,8,4157.111395,39.45519957,-121.6341998
247,NA,LFC,8,1503.517262,39.45511117,-121.6338878
249,NA,HFC,9,5339.860535,39.45517064,-121.6348912
250,NA,HFC,9,11955.25651,39.45569775,-121.6357781
251,NA,HFC,9,27894.68483,39.4549147,-121.6359196
252,NA,HFC,9,5584.111841,39.45381979,-121.6366068
253,NA,HFC,9,7314.549867,39.45392263,-121.6366107
255,NA,HFC,9,4434.8205,39.4537396,-121.6365464
255,NA,HFC,9,7597.257025,39.45332609,-121.6390048
256,NA,HFC,9,4773.0341,39.45430705,-121.6378978
257,NA,HFC,9,7993.307546,39.4541337,-121.6376345
259,NA,HFC,9,14433.83777,39.45297509,-121.6387373
260,NA,HFC,9,11527.27473,39.4526654,-121.6383621
261,NA,HFC,9,5350.926439,39.45232536,-121.6381131
262,NA,HFC,9,4882.892679,39.45163523,-121.6398959
263,NA,HFC,9,9676.2678,39.45167982,-121.6393665
264,NA,HFC,9,11143.2494,39.45156933,-121.6386411
265,NA,HFC,9,2660.883291,39.45165557,-121.6381339
266,NA,HFC,9,12379.53134,39.44992012,-121.638861
266,A,HFC,9,2800.266336,39.44776379,-121.6383438
267,NA,HFC,9,20785.70207,39.450726,-121.6390812
268,NA,HFC,9,14490.484,39.44998778,-121.6384433
269,NA,HFC,9,6608.224616,39.45052934,-121.6371807
270,NA,HFC,9,12894.97077,39.45061526,-121.6368998
271,NA,HFC,9,7264.585812,39.45075234,-121.6366925
272,B,HFC,9,7314.13986,39.44812494,-121.6363552
272,A,HFC,9,7793.083657,39.44587917,-121.6377661
273,B,HFC,9,11456.36139,39.44824133,-121.6359815
273,A,HFC,9,12031.34035,39.44629788,-121.6375551
274,B,HFC,9,8847.001304,39.44845654,-121.6356646
274,A,HFC,9,7680.129601,39.44618658,-121.6372809
275,NA,HFC,9,6003.432125,39.44563843,-121.6361786
276,NA,HFC,9,15535.74209,39.44572548,-121.6359663
277,NA,HFC,9,6977.51235,39.44691388,-121.637158
278,NA,HFC,9,8056.495909,39.44579031,-121.635703
279,NA,HFC,9,4865.269109,39.44455626,-121.637631
280,NA,HFC,9,10441.75102,39.44424727,-121.6372904
281,NA,HFC,9,8048.870821,39.44417107,-121.6369604
282,NA,HFC,9,6518.608678,39.44326415,-121.6362697
283,NA,HFC,9,9066.142439,39.44327199,-121.6359588
284,NA,HFC,9,5785.606728,39.44338977,-121.6356948
285,NA,HFC,9,7302.575797,39.44353333,-121.6377735
286,NA,HFC,9,10974.47194,39.44223538,-121.6372417
287,NA,HFC,9,6721.851632,39.44223012,-121.6369671
288,NA,HFC,9,3020.738822,39.44167631,-121.6360545
289,NA,HFC,9,8444.632645,39.44183242,-121.6357802
290,NA,HFC,9,3543.523182,39.44187687,-121.6354706
291,NA,HFC,10,6150.086257,39.43917832,-121.6376435
292,NA,HFC,10,14380.26045,39.43983062,-121.6373294
293,NA,HFC,10,6446.445269,39.44016864,-121.6370255
294,NA,HFC,10,5584.031882,39.43972205,-121.635884
295,NA,HFC,10,16120.73722,39.44034722,-121.6356522
296,NA,HFC,10,6656.299148,39.44030304,-121.6352728
297,NA,HFC,10,4242.102516,39.4380145,-121.6382493
298,NA,HFC,10,6626.853639,39.43801346,-121.6380027
299,NA,HFC,10,2937.908508,39.43841761,-121.6374396
300,NA,HFC,10,4084.720113,39.43764375,-121.6371726
303,NA,HFC,10,6041.480019,39.43823586,-121.6358811
304,NA,HFC,10,12675.68105,39.4378845,-121.6359511
305,NA,HFC,10,6544.944723,39.437915340000004,-121.6356284
306,NA,HFC,10,6717.958931,39.43648704,-121.6376192
307,NA,HFC,10,14027.74699,39.43612721,-121.6372015
308,NA,HFC,10,7871.220159,39.43611214,-121.6369921
309,NA,HFC,10,6596.473693,39.43573929,-121.6364808
310,NA,HFC,10,10625.97373,39.43568578,-121.6361581
311,NA,HFC,10,5290.433137,39.43593017,-121.6359328
312,NA,HFC,10,7168.912338,39.43403164,-121.6363584
313,NA,HFC,10,12631.56259,39.43434732,-121.6361792
314,NA,HFC,10,16660.87251,39.4337545,-121.6352269
315,NA,HFC,10,7999.430779,39.43363141,-121.6347298
316,NA,HFC,10,7918.163177,39.43232425,-121.6339826
317,NA,HFC,10,14972.99951,39.43257454,-121.6336988
318,NA,HFC,10,5289.512282,39.43274607,-121.6332909
319,NA,HFC,10,4339.665055,39.43152947,-121.6326722
320,NA,HFC,10,13442.37987,39.43188995,-121.6321839
321,NA,HFC,10,5057.580815,39.43225319,-121.631819
322,NA,HFC,10,5152.374613,39.43272805,-121.6323164
323,A,HFC,10,4421.745445,39.43039654,-121.6315224
323,B,HFC,10,7019.813981,39.43051316,-121.6313888
324,NA,HFC,10,5453.838555,39.43070593,-121.630688
325,NA,HFC,10,16843.56289,39.43118736,-121.6308851
326,NA,HFC,10,5985.787632,39.43138634,-121.6304855
327,NA,HFC,10,6480.443968,39.42955551,-121.6293001
328,NA,HFC,10,19180.35975,39.43031947,-121.6298308
329,NA,HFC,10,4810.053184,39.43001011,-121.6290372
329,B,HFC,10,4137.928402,39.43021141,-121.6284057
330,NA,HFC,10,10823.45335,39.43083218,-121.6292912
331,NA,HFC,10,7945.233502,39.4305361,-121.6279019
332,NA,HFC,11,4497.710323,39.42817675,-121.6267859
333,NA,HFC,11,7944.746379,39.4286253,-121.6271435
334,NA,HFC,11,3411.451887,39.42882933,-121.6270974
334,NA,HFC,11,958.7458308,39.42853662,-121.6262851
335,NA,HFC,11,772.4318944,39.42872436,-121.6261168
335,NA,HFC,11,3010.168699,39.42954815,-121.6267782
336,NA,HFC,11,4216.0154,39.42963897,-121.6266651
337,NA,HFC,11,2705.244261,39.42974333,-121.6265943
338,NA,HFC,11,8958.843915,39.42700086,-121.625449
339,NA,HFC,11,21066.72581,39.42706956,-121.6250525
340,NA,HFC,11,6627.21021,39.42842669,-121.6259895
341,NA,HFC,11,10925.77024,39.42729355,-121.6246765
342,NA,HFC,11,8433.794039,39.42511635,-121.6244063
343,NA,HFC,11,20507.61126,39.42527573,-121.6239364
344,NA,HFC,11,8970.986767,39.42612983,-121.6236437
345,NA,HFC,11,7538.69279,39.42283172,-121.6247083
346,NA,HFC,11,18529.42666,39.42334363,-121.6240815
347,NA,HFC,11,9920.692514,39.42324599,-121.6236216
348,NA,HFC,11,8709.841412,39.42203527,-121.6247112
349,NA,HFC,11,1633.908067,39.42195817,-121.6243575
350,NA,HFC,11,4086.629186,39.42154714,-121.6248891
351,NA,HFC,11,6794.307564,39.42113576,-121.6240594
352,NA,HFC,11,5136.207171,39.42146336,-121.6239395
353,NA,HFC,11,5904.157984,39.42149617,-121.626201
354,NA,HFC,11,9260.686308,39.42211967,-121.6253639
355,NA,HFC,11,5830.958782,39.42168082,-121.6255688
356,NA,HFC,11,3846.569382,39.41941397,-121.6265289
357,NA,HFC,11,7065.387177,39.41921173,-121.6264439
358,NA,HFC,11,4785.102221,39.4193107,-121.626199
359,NA,HFC,11,2985.578335,39.41989373,-121.6243669
360,NA,HFC,11,7495.882978,39.41993753,-121.6241646
361,NA,HFC,11,4202.017255,39.4198538,-121.6239827
362,NA,HFC,11,7714.229159,39.4174224,-121.62766740000001
363,NA,HFC,11,9498.262902,39.41788379,-121.627239
364,NA,HFC,11,6238.503032,39.41774644,-121.627034
365,NA,HFC,11,6581.53433,39.41716439,-121.6261819
366,NA,HFC,11,13366.53354,39.41755887,-121.6253098
367,NA,HFC,11,6113.817411,39.41761502,-121.6249099
368,NA,HFC,11,7036.223238,39.41683288,-121.6270371
369,NA,HFC,11,8952.99842,39.4166421,-121.6265056
370,NA,HFC,11,3012.246305,39.41653191,-121.6259971
371,NA,HFC,12,5922.136975,39.41582125,-121.6282509
372,NA,HFC,12,7856.289032,39.4158379,-121.6277907
373,NA,HFC,12,13131.44384,39.41588018,-121.6271369
374,NA,HFC,12,6093.35031,39.4156091,-121.6266903
375,NA,HFC,12,8938.162781,39.41426973,-121.628439
376,NA,HFC,12,14151.47062,39.41412462,-121.6281344
377,NA,HFC,12,6871.10456,39.41415467,-121.6278569
378,NA,HFC,12,5387.314186,39.41196723,-121.6279943
379,NA,HFC,12,12008.85418,39.41194924,-121.6276598
380,NA,HFC,12,9846.202907,39.41203233,-121.627158
381,NA,HFC,12,6448.598381,39.41051765,-121.626485
382,NA,HFC,12,14488.76691,39.41061082,-121.6261884
383,NA,HFC,12,17087.52703,39.41131616,-121.6264755
384,NA,HFC,12,12058.27209,39.41112891,-121.6254587
385,NA,HFC,12,8463.022336,39.40913816,-121.6248063
386,NA,HFC,12,14869.71988,39.40941849,-121.6244932
386,NA,HFC,12,6125.989869,39.40994899,-121.6238305
387,NA,HFC,12,10262.61899,39.40972274,-121.6240959
389,NA,HFC,12,5569.92299,39.40851509,-121.6227429
390,NA,HFC,12,17044.92428,39.40886202,-121.6226691
391,NA,HFC,12,5068.643969,39.40907322,-121.6223094
392,NA,HFC,12,3597.390951,39.40815733,-121.6209816
393,NA,HFC,12,8217.402947,39.40845299,-121.6209637
394,NA,HFC,12,3338.163985,39.40876589,-121.6209004
395,NA,HFC,12,2458.415499,39.40921707,-121.6206758
396,NA,HFC,12,7253.983228,39.4079581,-121.6191781
397,NA,HFC,12,26484.00591,39.40847133,-121.6190372
398,NA,HFC,12,13050.09254,39.40902378,-121.6191174
399,NA,HFC,12,1524.246265,39.40782003,-121.6180365
400,NA,HFC,12,2845.835314,39.40804274,-121.6183611
401,NA,HFC,13,20487.63468,39.40799048,-121.6171213
402,NA,HFC,13,12024.96472,39.40831012,-121.6165296
403,NA,HFC,13,4353.968544,39.40747873,-121.6174336
404,NA,HFC,13,2075.293704,39.40738503,-121.6169699
405,NA,HFC,13,4905.023004,39.40569815,-121.6169705
406,NA,HFC,13,12222.25682,39.40635708,-121.616619
407,NA,HFC,13,8366.348939,39.40616353,-121.6163281
408,NA,HFC,13,5256.977773,39.4048771,-121.6178504
409,NA,HFC,13,14242.05573,39.40464102,-121.6176479
410,NA,HFC,13,5881.79752,39.40494773,-121.6168861
411,NA,HFC,13,11872.84798,39.40264283,-121.6192373
412,NA,HFC,13,24399.57573,39.40229898,-121.6190093
413,NA,HFC,13,13080.94405,39.40250641,-121.6186505
417,NA,HFC,13,11536.30374,39.39806996,-121.6204698
418,NA,HFC,13,28145.37841,39.39788801,-121.6201629
419,NA,HFC,13,19851.33,39.39803492,-121.6196516
420,NA,HFC,13,15228.76083,39.39797661,-121.6188592
421,NA,HFC,13,13323.97166,39.39582282,-121.6219102
422,NA,HFC,13,26476.60579,39.39575164,-121.6213523
423,NA,HFC,13,9721.554428,39.395873,-121.6207584
424,NA,HFC,14,8843.90021,39.39307607,-121.6226533
425,NA,HFC,14,21554.20568,39.39318693,-121.6222734
426,NA,HFC,14,10560.74404,39.3933909,-121.6218433
427,NA,HFC,14,12609.77606,39.39037146,-121.6242597
428,NA,HFC,14,34187.57364,39.39022762,-121.6238881
429,NA,HFC,14,14919.30276,39.38971548,-121.6236138
430,NA,HFC,14,9445.303678,39.38825498,-121.6258708
431,NA,HFC,14,27335.01895,39.38660799,-121.6270691
432,NA,HFC,14,9059.805516,39.38735122,-121.6257007
433,NA,HFC,14,15024.56563,39.38571795,-121.6299335
434,NA,HFC,14,21356.8008,39.38470126,-121.631066
435,NA,HFC,14,13933.26641,39.3845927,-121.6308702
436,NA,HFC,15,20235.09264,39.38562061,-121.6274417
437,NA,HFC,15,23268.35953,39.38354928,-121.632771
438,NA,HFC,15,39479.43071,39.38276362,-121.6329139
439,NA,HFC,15,25706.46172,39.38169526,-121.6330087
440,NA,HFC,15,5371.722755,39.37965464,-121.6327095
441,NA,HFC,15,8359.100982,39.3782408,-121.6331217
442,NA,HFC,15,3933.967379,39.37870681,-121.6332063
444,NA,HFC,15,17227.10713,39.37756201,-121.6325568
445,NA,HFC,15,14661.43271,39.37718368,-121.6322812
446,NA,HFC,15,5470.631347,39.37477512,-121.6323886
447,NA,HFC,15,12401.25556,39.37516841,-121.6320062
448,NA,HFC,15,7534.047493,39.37479025,-121.6318592
448,A,HFC,15,6118.044462,39.37573964,-121.6312181
449,NA,HFC,15,6225.115852,39.37328528,-121.6345273
450,NA,HFC,15,13905.24758,39.3730263,-121.6338026
451,NA,HFC,15,15874.88307,39.37276495,-121.633726
454,NA,HFC,15,11106.28391,39.3740306,-121.6346043
455,NA,HFC,15,8955.263509,39.37436621,-121.6356723
456,NA,HFC,15,23140.36186,39.37400015,-121.636386
457,NA,HFC,15,8583.341846,39.37381024,-121.6372203
458,NA,HFC,16,26890.39827,39.37446754,-121.6410984
459,NA,HFC,16,53898.33639,39.37401586,-121.6417344
460,NA,HFC,16,30053.59817,39.37366364,-121.641353
461,NA,HFC,16,29763.85646,39.37313694,-121.6484753
462,NA,HFC,16,55310.76202,39.37315477,-121.6470574
463,NA,HFC,16,21791.96608,39.37273622,-121.6467865
464,NA,HFC,16,19883.09206,39.36901413,-121.6486423
465,NA,HFC,16,42628.1222,39.36763576,-121.6474291
466,NA,HFC,16,28620.95872,39.36897176,-121.6478456
467,NA,HFC,17,14155.32526,39.36418116,-121.644673
468,NA,HFC,17,42428.7465,39.3642959,-121.6441855
469,NA,HFC,17,12495.05557,39.36448142,-121.6437973
470,NA,HFC,17,12322.42096,39.36177821,-121.641137
471,NA,HFC,17,53291.17327,39.36214638,-121.6407352
472,NA,HFC,17,16426.83782,39.36248735,-121.6403013
473,NA,HFC,17,14184.15206,39.35909523,-121.6380692
474,NA,HFC,17,45480.7107,39.35949127,-121.6377058
475,NA,HFC,17,18028.77992,39.35982027,-121.6373041
476,NA,HFC,18,20429.1831,39.35678445,-121.636776
477,NA,HFC,18,38506.9243,39.35678528,-121.6358896
478,NA,HFC,18,12131.50683,39.3571428,-121.6353973
479,NA,HFC,18,13377.36701,39.35439272,-121.6335495
480,NA,HFC,18,31334.76661,39.35462891,-121.6332585
481,NA,HFC,18,14323.58932,39.35478815,-121.6328406
482,NA,HFC,18,13863.14639,39.35595227,-121.6316749
483,NA,HFC,18,16556.32286,39.3525158,-121.6290197
484,NA,HFC,18,27935.00073,39.35274315,-121.6289089
485,NA,HFC,18,6025.918244,39.35286066,-121.62852
486,NA,HFC,18,11683.50161,39.35534449,-121.6295442
487,NA,HFC,18,10020.34742,39.35564191,-121.6290393
488,NA,HFC,18,10517.35984,39.35440736,-121.6297669
489,NA,HFC,18,7092.563152,39.35338437,-121.626764
490,NA,HFC,18,15776.50045,39.35361627,-121.6265962
491,NA,HFC,18,9993.662413,39.35413127,-121.6264735
492,NA,HFC,18,17656.87684,39.3523713,-121.6245567
493,NA,HFC,18,13016.2429,39.35004473,-121.6250464
494,NA,HFC,18,25883.35539,39.35241793,-121.6258038
495,NA,HFC,18,7808.640141,39.35213194,-121.6250795
496,NA,HFC,19,8432.878453,39.34864594,-121.6259771
497,NA,HFC,19,44295.41456,39.34824543,-121.6257002
498,NA,HFC,19,12225.61066,39.34829465,-121.6250535
499,NA,HFC,19,14336.37944,39.34725068,-121.6278986
500,NA,HFC,19,17694.61019,39.34328002,-121.6280556
501,NA,HFC,19,3393.375666,39.34679672,-121.6274438
502,NA,HFC,19,10786.54869,39.34548564,-121.626864
503,NA,HFC,19,3452.404255,39.34581651,-121.6276406
504,NA,HFC,19,24423.61318,39.34479112,-121.6269092
505,NA,HFC,19,9165.297207,39.34493062,-121.6265775
506,NA,HFC,19,1584.920329,39.34494351,-121.6272176
507,NA,HFC,19,3204.818368,39.34464932,-121.6274029
508,NA,HFC,19,13645.79097,39.34021984,-121.6286766
509,NA,HFC,19,67118.93778,39.34123654,-121.627914
510,NA,HFC,19,20039.77142,39.33904266,-121.6281174
510,NA,HFC,19,8471.317492,39.33622926,-121.6312651
511,NA,HFC,20,3768.101661,39.34233209,-121.6282949
512,NA,HFC,20,11424.87425,39.33797634,-121.6313071
513,NA,HFC,20,51799.86346,39.33708794,-121.6309497
515,NA,HFC,20,1550.864491,39.33786629,-121.6308194
516,NA,HFC,20,3564.689968,39.33758349,-121.6310311
517,NA,HFC,20,15146.63117,39.33286398,-121.6328446
518,NA,HFC,20,41658.24963,39.33233056,-121.6322809
519,NA,HFC,20,18369.71818,39.33272815,-121.6319177
520,NA,HFC,20,13855.64868,39.32861738,-121.6303518
521,NA,HFC,20,20448.41819,39.32894794,-121.630157
522,NA,HFC,20,12947.20054,39.32929862,-121.6301387
523,NA,HFC,20,10371.93366,39.33124994,-121.62995
524,NA,HFC,20,14654.54177,39.33120396,-121.6296577
525,NA,HFC,20,15679.86053,39.33145771,-121.6295299
526,NA,HFC,21,15391.78544,39.32660338,-121.6261036
527,NA,HFC,21,57077.41054,39.32690271,-121.625487
528,NA,HFC,21,19042.06452,39.32740099,-121.6253807
529,NA,HFC,21,9201.205339,39.32395917,-121.6229058
530,NA,HFC,21,40742.23301,39.32425245,-121.6224576
531,NA,HFC,21,10640.67587,39.32468641,-121.6221151
532,NA,HFC,21,9003.309438,39.32164085,-121.6212806
533,NA,HFC,21,32901.38391,39.32197199,-121.6209177
534,NA,HFC,21,9970.642096,39.32206736,-121.6204306
535,NA,HFC,21,10341.06426,39.31803768,-121.622652
536,NA,HFC,21,11240.79442,39.31801849,-121.6224282
537,NA,HFC,21,9533.459128,39.31834886,-121.6207325
538,NA,HFC,21,49715.16006,39.31788485,-121.620268
539,NA,HFC,21,20949.12078,39.317039,-121.6200211
540,NA,HFC,21,7584.986812,39.31683483,-121.622797
541,NA,HFC,21,16072.86865,39.31667331,-121.6224614
542,NA,HFC,21,7670.581952,39.31647425,-121.6223696
543,NA,NA,NA,21938.54433,39.31494974,-121.6235678
544,NA,NA,NA,16638.93675,39.31439893,-121.6264522
545,NA,NA,NA,31695.66734,39.31393837,-121.626231
546,NA,NA,NA,16461.27391,39.31371804,-121.625883
547,A,NA,NA,6285.377149,39.31481868,-121.6245842
547,NA,NA,NA,8851.443321,39.31029562,-121.6274016
548,NA,NA,NA,30803.79929,39.31051471,-121.6269177
549,NA,NA,NA,9463.502588,39.30994181,-121.6265476
550,NA,NA,NA,12120.68742,39.30662256,-121.6288407
551,NA,NA,NA,42462.45638,39.30729694,-121.6279965
552,NA,NA,NA,14691.35628,39.30754364,-121.6274537
553,NA,NA,NA,5184.591708,39.30856031,-121.6278415
553,NA,NA,NA,7215.902354,39.30431368,-121.6289516
554,NA,NA,NA,26681.34707,39.3041031,-121.6285326
555,NA,NA,NA,8335.104028,39.30407873,-121.6279726
556,NA,NA,NA,10804.53209,39.30193487,-121.6301403
557,NA,NA,NA,23656.9306,39.30224809,-121.6293577
558,NA,NA,NA,7816.92562,39.3022013,-121.6288049
559,NA,NA,NA,12051.66596,39.30126385,-121.6316574
560,NA,NA,NA,27177.45204,39.29962989,-121.6315296
561,NA,NA,NA,20585.55441,39.29924207,-121.6308887
562,NA,NA,NA,13338.37186,39.29995262,-121.6299589
563,NA,NA,NA,11990.91335,39.29966023,-121.6297318
564,NA,NA,NA,12067.30754,39.29723114,-121.6293411
565,NA,NA,NA,26284.66169,39.29666309,-121.6281983
566,NA,NA,NA,7503.986464,39.29770501,-121.629086
567,NA,NA,NA,12373.80255,39.29500685,-121.6264012
568,NA,NA,NA,33273.21367,39.29499427,-121.625217
569,NA,NA,NA,4298.536776,39.29616331,-121.6269578
570,NA,NA,NA,11905.31589,39.29562884,-121.6258875
