PhysDataTblID,Location,Date,RiverMile,SpeciesCode,Count,FL..mm.,DistToBottom,Focal.Velocity,TCode,Depth,Velocity,Sub1,Sub2,Sub3,Sub4,Sub5,Sub6,IcovA,IcovB,IcovC,IcovE,IcovF,Ocov0,Ocov1,Ocov2,SurTurb,CGU,Distance,FishAge,SpecAge
11,hatchery ditch,2001-03-14,66.6,CHN,1,40,5,0.50999999,3.4,9,1.97,0,0,70,30,0,0,100,0,0,0,0,100,0,0,10,g,4,0,chn0
11,hatchery ditch,2001-03-14,66.6,RBTS,1,25,1,0.63999999,6.4,37,0.91,0,65,25,10,0,0,100,0,0,0,0,100,0,0,30,g,4,0,rbt0
11,hatchery ditch,2001-03-14,66.6,CHN,50,40,5,1.08,6.4,37,0.91,0,65,25,10,0,0,100,0,0,0,0,100,0,0,30,g,4,0,chn0
11,hatchery ditch,2001-03-14,66.6,CHN,6,75,5,0.80000001,6.4,37,0.91,0,65,25,10,0,0,100,0,0,0,0,100,0,0,30,g,4,0,chn0
11,hatchery ditch,2001-03-14,66.6,RBTS,3,25,1,0.44,9.4,15,2.17,0,10,90,0,0,0,100,0,0,0,0,100,0,0,20,g,4,0,rbt0
11,hatchery ditch,2001-03-14,66.6,CHN,8,50,1,0.18000001,12.4,19,1.01,0,40,60,0,0,0,100,0,0,0,0,100,0,0,30,g,4,0,chn0
11,hatchery ditch,2001-03-14,66.6,CHN,15,40,1,0.5,12.4,19,1.01,0,40,60,0,0,0,100,0,0,0,0,100,0,0,30,g,4,0,chn0
11,hatchery ditch,2001-03-14,66.6,RBTS,2,25,1,0.5,12.4,19,1.01,0,40,60,0,0,0,100,0,0,0,0,100,0,0,30,g,4,0,rbt0
11,hatchery ditch,2001-03-14,66.6,CHN,5,45,1,0.5,18.4,23,0.78,0,15,70,15,0,0,100,0,0,0,0,100,0,0,10,g,4,0,chn0
11,hatchery ditch,2001-03-14,66.6,CHN,75,45,5,0.37,24.4,13,1.88,0,0,85,15,0,0,90,0,0,10,0,100,0,0,10,g,4,0,chn0
11,hatchery ditch,2001-03-14,66.6,CHN,2,35,1,0.94,0.1,17,0.22,0,40,20,30,10,0,75,15,0,10,0,100,0,0,20,g,1,0,chn0
11,hatchery ditch,2001-03-14,66.6,CHN,3,35,1.5,0.16,0.1,17,0.22,0,40,20,30,10,0,75,15,0,10,0,100,0,0,20,g,1,0,chn0
11,hatchery ditch,2001-03-14,66.6,RBTS,1,25,1.5,0.16,0.1,17,0.22,0,40,20,30,10,0,75,15,0,10,0,100,0,0,20,g,1,0,rbt0
11,hatchery ditch,2001-03-14,66.6,CHN,2,35,0.5,0.73000002,6.3,19,0.75,0,30,50,20,0,0,100,0,0,0,0,100,0,0,20,g,3,0,chn0
11,hatchery ditch,2001-03-14,66.6,RBTS,3,25,1,0.18000001,3.1,11,1.19,0,70,30,0,0,0,10,20,40,30,0,100,0,0,10,g,1,0,rbt0
11,hatchery ditch,2001-03-14,66.6,CHN,10,40,1.5,0.94,6.4,37,0.91,0,65,25,10,0,0,100,0,0,0,0,100,0,0,30,g,4,0,chn0
11,hatchery ditch,2001-03-14,66.6,CHN,20,35,1.5,0.94,6.4,37,0.91,0,65,25,10,0,0,100,0,0,0,0,100,0,0,30,g,4,0,chn0
11,hatchery ditch,2001-03-14,66.6,RBTS,20,25,0.5,0.75,6.1,10,0.75,40,0,40,20,0,0,50,10,0,40,0,75,25,0,0,g,1,0,rbt0
11,hatchery ditch,2001-03-14,66.6,CHN,25,35,1.5,1.42,6.2,19,0.89,0,60,30,10,0,0,100,0,0,0,0,100,0,0,10,g,2,0,chn0
11,hatchery ditch,2001-03-14,66.6,CHN,2,50,1.5,1.42,6.2,19,0.89,0,60,30,10,0,0,100,0,0,0,0,100,0,0,10,g,2,0,chn0
11,hatchery ditch,2001-03-14,66.6,RBTS,35,25,1.5,0,9.1,16,0.18,0,80,20,0,0,0,90,10,0,0,0,50,50,0,0,g,1,0,rbt0
11,hatchery ditch,2001-03-14,66.6,CHN,250,35,1.5,0,9.1,16,0.18,0,80,20,0,0,0,90,10,0,0,0,50,50,0,0,g,1,0,chn0
11,hatchery ditch,2001-03-14,66.6,RBTS,10,25,1.5,0,12.1,3,0,15,0,25,60,0,0,40,40,0,0,20,100,0,0,0,g,1,0,rbt0
11,hatchery ditch,2001-03-14,66.6,CHN,100,35,2,0.51999998,15.1,28,0.37,0,60,20,20,0,0,90,10,0,0,0,100,0,0,10,g,1,0,chn0
11,hatchery ditch,2001-03-14,66.6,CHN,150,35,0.5,0.40000001,18.3,18,1,0,20,80,0,0,0,100,0,0,0,0,100,0,0,0,g,3,0,chn0
11,hatchery ditch,2001-03-14,66.6,CHN,100,40,1,0.75,21.3,17,0.75,0,20,60,20,0,0,100,0,0,0,0,100,0,0,15,g,3,0,chn0
11,hatchery ditch,2001-03-14,66.6,CHN,150,45,1,0.75,21.3,17,0.75,0,20,60,20,0,0,100,0,0,0,0,100,0,0,15,g,3,0,chn0
11,hatchery ditch,2001-03-14,66.6,CHN,125,45,1,0,18.1,11,0.44,0,90,0,10,0,0,70,15,NA,15,0,85,15,0,0,g,1,0,chn0
11,hatchery ditch,2001-03-14,66.6,RBTS,10,25,1,0,18.1,11,0.44,0,90,0,10,0,0,70,15,NA,15,0,85,15,0,0,g,1,0,rbt0
11,hatchery ditch,2001-03-14,66.6,CHN,1,30,1,1.05,24.4,13,1.88,0,0,85,15,0,0,90,0,0,10,0,100,0,0,10,g,4,0,chn0
11,hatchery ditch,2001-03-14,66.6,CHN,1,35,1,0.98000002,24.4,13,1.88,0,0,85,15,0,0,90,0,0,10,0,100,0,0,10,g,4,0,chn0
11,hatchery ditch,2001-03-14,66.6,RBTS,5,25,1,0,21.1,8,0.32,0,25,60,15,0,0,100,0,0,0,0,65,35,0,0,g,1,0,rbt0
11,hatchery ditch,2001-03-14,66.6,CHN,100,35,1.5,0,21.1,8,0.32,0,25,60,15,0,0,100,0,0,0,0,65,35,0,0,g,1,0,chn0
11,hatchery ditch,2001-03-14,66.6,RBTS,11,25,1.5,0,21.1,8,0.32,0,25,60,15,0,0,100,0,0,0,0,65,35,0,0,g,1,0,rbt0
11,hatchery ditch,2001-03-14,66.6,CHN,75,40,1.5,0.23999999,24.1,23,0.37,0,30,30,40,0,0,80,0,0,0,20,0,30,70,0,g,1,0,chn0
11,hatchery ditch,2001-03-14,66.6,CHN,45,40,1.5,0.47,24.1,23,0.37,0,30,30,40,0,0,80,0,0,0,20,0,30,70,0,g,1,0,chn0
11,hatchery ditch,2001-03-14,66.6,CHN,4,55,1.5,0.47,24.1,23,0.37,0,30,30,40,0,0,80,0,0,0,20,0,30,70,0,g,1,0,chn0
11,hatchery ditch,2001-03-14,66.6,CHN,50,40,1,1.36,24.1,23,0.37,0,30,30,40,0,0,80,0,0,0,20,0,30,70,0,g,1,0,chn0
11,hatchery ditch,2001-03-14,66.6,RBTS,2,25,1,1.36,24.1,23,0.37,0,30,30,40,0,0,80,0,0,0,20,0,30,70,0,g,1,0,rbt0
11,hatchery ditch,2001-03-14,66.6,RBTS,2,25,1,0,12.1,3,0,15,0,25,60,0,0,40,40,0,0,20,100,0,0,0,g,1,0,rbt0
11,hatchery ditch,2001-03-14,66.6,CHN,100,35,1,0,15.4,9,1.6,0,30,60,10,0,0,100,0,0,0,0,100,0,0,20,g,4,0,chn0
12,Hour Bar,2001-03-15,56,RBTS,1,25,5,0,6.1,6,0,0,0,80,20,0,0,60,0,0,40,0,40,60,0,0,g,1,0,rbt0
12,Hour Bar,2001-03-15,56,CHN,20,40,10,0,6.3,22,0,0,0,0,75,25,0,85,0,0,15,0,100,0,0,0,g,3,0,chn0
12,Hour Bar,2001-03-15,56,CHN,350,40,5,0.2,12.4,50,0,0,20,70,10,0,0,0,70,0,30,0,30,0,70,0,g,4,0,chn0
12,Hour Bar,2001-03-15,56,CHN,300,40,20,0,15.2,41,0,20,80,0,0,0,0,20,10,10,60,0,80,0,20,0,g,2,0,chn0
12,Hour Bar,2001-03-15,56,RBTS,1,25,20,0,15.2,41,0,20,80,0,0,0,0,20,10,10,60,0,80,0,20,0,g,2,0,rbt0
12,Hour Bar,2001-03-15,56,CHN,50,40,5,0,24.1,12,0.5,20,0,10,60,10,0,60,0,0,40,0,100,0,0,0,g,1,0,chn0
14,Hatchery ditch,2001-08-20,66.6,RBTS,1,60,4,1.98,0.3,27,1,0,0,90,10,0,0,100,0,0,0,0,100,0,0,0,r,3,0,rbt0
14,Hatchery ditch,2001-08-20,66.6,RBTS,10,65,4,0.75,12.4,24,0.75,0,0,100,0,0,0,100,0,0,0,0,100,0,0,0,r,4,0,rbt0
14,Hatchery ditch,2001-08-20,66.6,CHN,7,80,4,0.75,12.4,24,0.75,0,0,100,0,0,0,100,0,0,0,0,100,0,0,0,r,4,0,chn0
14,Hatchery ditch,2001-08-20,66.6,RBTS,3,50,5,1.27,18.4,20,1.27,0,0,100,0,0,0,100,0,0,0,0,100,0,0,0,r,4,0,rbt0
14,Hatchery ditch,2001-08-20,66.6,RBTS,1,80,4,1.27,18.4,20,1.27,0,0,100,0,0,0,100,0,0,0,0,100,0,0,0,r,4,0,rbt0
14,Hatchery ditch,2001-08-20,66.6,RBTS,1,45,5,0,21.1,21,0,25,0,75,0,0,0,100,0,0,0,0,70,30,0,0,r,1,0,rbt0
18,Robinson Side Channel,2001-08-20,61.5,RBTS,1,220,3,3.2,18.4,71,3.2,0,0,0,90,10,0,100,0,0,0,0,100,0,0,0,g,4,1,rbt1
19,Steep side channel,2001-08-20,61,RBTS,1,180,3,1.41,6.4,36,2.97,0,0,90,10,0,0,100,0,0,0,0,100,0,0,0,g,4,1,rbt1
19,Steep side channel,2001-08-20,61,RBTS,1,200,3,1.8099999,6.4,36,2.97,0,0,90,10,0,0,100,0,0,0,0,100,0,0,0,g,4,1,rbt1
19,Steep side channel,2001-08-20,61,RBTS,1,210,3,1.8099999,6.4,36,2.97,0,0,90,10,0,0,100,0,0,0,0,100,0,0,0,g,4,1,rbt1
19,Steep side channel,2001-08-20,61,RBTS,1,160,3,3.4400001,9.3,32,3.38,0,10,80,10,0,0,100,0,0,0,0,100,0,0,0,g,3,1,rbt1
19,Steep side channel,2001-08-20,61,RBTS,1,200,3,3.21,9.3,32,3.38,0,10,80,10,0,0,100,0,0,0,0,100,0,0,0,g,3,1,rbt1
33,Junkyard,2001-07-18,48.5,SPD,1,50,0,0.20999999,12.4,34,0.21,0,0,40,60,0,0,100,0,0,0,0,100,0,0,0,g,4,0,
36,Hatchery Ditch,2001-07-10,66.5,CHN,9,45,0,0,12.4,20,1.24,0,0,100,0,0,0,100,0,0,0,0,100,0,0,0,r,4,0,chn0
36,Hatchery Ditch,2001-07-10,66.5,RBTS,1,45,1,0.62,15.3,19,0.98,0,0,100,0,0,0,90,10,0,0,0,100,0,0,0,r,3,0,rbt0
36,Hatchery Ditch,2001-07-10,66.5,CHN,7,50,0,0,15.3,19,0.98,0,0,100,0,0,0,90,10,0,0,0,100,0,0,0,r,3,0,chn0
36,Hatchery Ditch,2001-07-10,66.5,CHN,10,45,0,0,18.4,20,0.66,0,0,100,0,0,0,100,0,0,0,0,100,0,0,0,r,4,0,chn0
47,Lower Hour Side Channel,2001-06-19,56,SASQ,2,50,17,0.37,3.2,52,0.56,0,10,30,60,0,0,90,10,0,0,0,100,0,0,0,g,2,0,
47,Lower Hour Side Channel,2001-06-19,56,TP,10,50,40,0.56,9.3,82,0.75,0,30,60,10,0,0,90,10,0,0,0,100,0,0,0,g,3,0,
53,Hatchery  Ditch,2001-06-11,66.5,RBTS,2,40,0,1.5599999,3.4,12,2.45,0,0,100,0,0,0,100,0,0,0,0,100,0,0,0,r,4,0,rbt0
53,Hatchery  Ditch,2001-06-11,66.5,RBTS,1,40,0,2.26,6.1,12,2.26,50,0,50,0,0,0,55,20,0,25,0,100,0,0,0,r,1,0,rbt0
53,Hatchery  Ditch,2001-06-11,66.5,RBTS,5,50,0,1.13,9.4,30,1.13,0,0,0,100,0,0,100,0,0,0,0,100,0,0,0,r,4,0,rbt0
53,Hatchery  Ditch,2001-06-11,66.5,CHN,27,50,0,1.13,9.4,30,1.13,0,0,0,100,0,0,100,0,0,0,0,100,0,0,0,r,4,0,chn0
53,Hatchery  Ditch,2001-06-11,66.5,RBTS,7,50,0,0.77999997,9.4,30,1.13,0,0,0,100,0,0,100,0,0,0,0,100,0,0,0,r,4,0,rbt0
53,Hatchery  Ditch,2001-06-11,66.5,RBTS,9,45,0,1.65,15.4,26,1.4,0,0,25,75,0,0,100,0,0,0,0,100,0,0,0,r,4,0,rbt0
53,Hatchery  Ditch,2001-06-11,66.5,CHN,10,60,0,1.65,15.4,26,1.4,0,0,25,75,0,0,100,0,0,0,0,100,0,0,0,r,4,0,chn0
53,Hatchery  Ditch,2001-06-11,66.5,RBTS,2,30,0,0.49000001,15.3,7,1.26,0,0,25,75,0,0,100,0,0,0,0,100,0,0,0,r,3,0,rbt0
53,Hatchery  Ditch,2001-06-11,66.5,RBTS,6,45,0,0.85000002,21.4,20,0.72,0,0,10,90,0,0,100,0,0,0,0,75,25,0,0,r,4,0,rbt0
53,Hatchery  Ditch,2001-06-11,66.5,RBTS,2,55,0,0.94,24.2,12,0.8,0,40,30,30,0,0,100,0,0,0,0,100,0,0,0,r,2,0,rbt0
53,Hatchery  Ditch,2001-06-11,66.5,CHN,15,65,0,0.94,24.2,12,0.8,0,40,30,30,0,0,100,0,0,0,0,100,0,0,0,r,2,0,chn0
53,Hatchery  Ditch,2001-06-11,66.5,RBTS,9,45,0,1.42,15.4,26,1.4,0,0,25,75,0,0,100,0,0,0,0,100,0,0,0,r,4,0,rbt0
53,Hatchery  Ditch,2001-06-11,66.5,CHN,7,50,0,1.42,15.4,26,1.4,0,0,25,75,0,0,100,0,0,0,0,100,0,0,0,r,4,0,chn0
54,Hatchery Riffle,2001-06-11,66.5,CHN,75,45,0,0,21.3,56,0,0,15,0,0,75,10,100,0,0,0,0,100,0,0,0,g,3,0,chn0
54,Hatchery Riffle,2001-06-11,66.5,CHN,25,60,0,0,21.3,56,0,0,15,0,0,75,10,100,0,0,0,0,100,0,0,0,g,3,0,chn0
57,Mathews Riffle,2001-06-11,64,RBTS,4,45,10,0.62,18.4,32,0.6,0,0,20,20,60,0,100,0,0,0,0,100,0,0,10,g,4,0,rbt0
58,Aleck Riffle,2001-06-11,63.5,RBTS,1,45,5,1.36,6.4,21,1.96,0,10,10,80,0,0,100,0,0,0,0,100,0,0,20,g,4,0,rbt0
58,Aleck Riffle,2001-06-11,63.5,SPD,10,35,5,1.36,6.4,21,1.96,0,10,10,80,0,0,100,0,0,0,0,100,0,0,20,g,4,0,
58,Aleck Riffle,2001-06-11,63.5,RBTS,1,40,5,1.36,9.3,20,1.54,0,10,10,60,20,0,100,0,0,0,0,100,0,0,0,g,3,0,rbt0
58,Aleck Riffle,2001-06-11,63.5,RBTS,1,40,10,1.25,12.4,30,0.85,0,0,20,80,0,0,100,0,0,0,0,100,0,0,30,g,4,0,rbt0
58,Aleck Riffle,2001-06-11,63.5,RBTS,2,60,10,0.57999998,21.4,35,0.73,0,0,20,40,40,0,100,0,0,0,0,100,0,0,15,g,4,0,rbt0
58,Aleck Riffle,2001-06-11,63.5,CHN,10,70,10,0.57999998,21.4,35,0.73,0,0,20,40,40,0,100,0,0,0,0,100,0,0,15,g,4,0,chn0
58,Aleck Riffle,2001-06-11,63.5,RBTS,2,45,10,0.57999998,21.4,35,0.73,0,0,20,40,40,0,100,0,0,0,0,100,0,0,15,g,4,0,rbt0
59,ROBINSON SIDE CHANNEL,2001-06-12,62,RBTS,1,55,10,0.41999999,12.3,28,0.9,0,10,90,0,0,0,85,0,0,15,0,100,0,0,15,g,3,0,rbt0
62,Steep Side Riffle,2001-06-12,61,CHN,3,80,0,0.55000001,9.1,55,0,0,100,0,0,0,0,30,20,0,50,0,0,50,50,0,g,1,0,chn0
70,Hatchery Ditch,2001-05-21,66.5,RBTS,1,35,20,0.60000002,3.1,24,0.78,0,80,20,0,0,0,85,15,0,0,0,85,10,5,10,g,1,0,rbt0
70,Hatchery Ditch,2001-05-21,66.5,RBTS,1,35,7,0,6.1,32,0.48,80,10,10,0,0,0,65,10,0,5,20,10,20,70,0,g,1,0,rbt0
70,Hatchery Ditch,2001-05-21,66.5,RBTS,2,35,10,0,6.1,32,0.48,80,10,10,0,0,0,65,10,0,5,20,10,20,70,0,g,1,0,rbt0
70,Hatchery Ditch,2001-05-21,66.5,CHN,5,40,10,0,6.1,32,0.48,80,10,10,0,0,0,65,10,0,5,20,10,20,70,0,g,1,0,chn0
70,Hatchery Ditch,2001-05-21,66.5,CHN,3,40,3,0.86000001,6.1,32,0.48,80,10,10,0,0,0,65,10,0,5,20,10,20,70,0,g,1,0,chn0
70,Hatchery Ditch,2001-05-21,66.5,RBTS,1,35,3,0.86000001,6.1,32,0.48,80,10,10,0,0,0,65,10,0,5,20,10,20,70,0,g,1,0,rbt0
70,Hatchery Ditch,2001-05-21,66.5,CHN,50,45,0,0,6.1,32,0.48,80,10,10,0,0,0,65,10,0,5,20,10,20,70,0,g,1,0,chn0
70,Hatchery Ditch,2001-05-21,66.5,RBTS,5,35,0,0,9.1,21,0,0,70,20,10,0,0,80,20,0,0,0,0,60,40,0,g,1,0,rbt0
70,Hatchery Ditch,2001-05-21,66.5,CHN,3,40,0,0.85000002,12.1,36,0.86,40,40,0,0,0,20,80,20,0,0,0,0,20,80,0,g,1,0,chn0
70,Hatchery Ditch,2001-05-21,66.5,CHN,3,45,0,0.47,12.3,39,1.29,20,80,0,0,0,0,70,20,0,10,0,100,0,0,0,g,3,0,chn0
70,Hatchery Ditch,2001-05-21,66.5,RBTS,1,40,3,0.77999997,12.3,39,1.29,20,80,0,0,0,0,70,20,0,10,0,100,0,0,0,g,3,0,rbt0
70,Hatchery Ditch,2001-05-21,66.5,RBTS,1,40,5,0.31,15.1,19,0.68,0,80,0,20,0,0,90,0,0,10,0,20,0,80,0,g,1,0,rbt0
70,Hatchery Ditch,2001-05-21,66.5,CHN,1,35,5,0.31,15.1,19,0.68,0,80,0,20,0,0,90,0,0,10,0,20,0,80,0,g,1,0,chn0
70,Hatchery Ditch,2001-05-21,66.5,RBTS,2,25,5,0.31,15.1,19,0.68,0,80,0,20,0,0,90,0,0,10,0,20,0,80,0,g,1,0,rbt0
70,Hatchery Ditch,2001-05-21,66.5,CHN,2,40,5,1.63,15.4,41,1.5,0,100,0,0,0,0,100,0,0,0,0,100,0,0,0,g,4,0,chn0
70,Hatchery Ditch,2001-05-21,66.5,RBTS,4,40,5,0,18.1,23,0.58,20,60,20,0,0,0,80,10,0,10,0,10,45,45,0,g,1,0,rbt0
70,Hatchery Ditch,2001-05-21,66.5,RBTS,3,25,10,0,18.1,23,0.58,20,60,20,0,0,0,80,10,0,10,0,10,45,45,0,g,1,0,rbt0
70,Hatchery Ditch,2001-05-21,66.5,RBTS,2,25,10,0,21.1,25,0.6,0,80,20,0,0,0,80,10,0,10,0,80,10,10,0,g,1,0,rbt0
70,Hatchery Ditch,2001-05-21,66.5,CHN,10,35,10,0,21.1,25,0.6,0,80,20,0,0,0,80,10,0,10,0,80,10,10,0,g,1,0,chn0
70,Hatchery Ditch,2001-05-21,66.5,CHN,5,35,5,1.3200001,24.3,37,1.32,0,100,0,0,0,0,80,20,0,0,0,100,0,0,0,g,3,0,chn0
70,Hatchery Ditch,2001-05-21,66.5,RBTS,1,35,2,0.91000003,24.3,37,1.32,0,100,0,0,0,0,80,20,0,0,0,100,0,0,0,g,3,0,rbt0
70,Hatchery Ditch,2001-05-21,66.5,CHN,3,40,3,0.91000003,24.3,37,1.32,0,100,0,0,0,0,80,20,0,0,0,100,0,0,0,g,3,0,chn0
71,Hatchery Riffle,2001-05-21,66.5,CHN,150,45,50,0.50999999,6.3,89,0.59,0,20,0,0,0,80,100,0,0,0,0,100,0,0,20,g,3,0,chn0
71,Hatchery Riffle,2001-05-21,66.5,RBTS,1,75,15,0,6.1,41,0,0,0,0,0,40,60,15,0,0,85,0,90,10,0,0,p,1,0,rbt0
71,Hatchery Riffle,2001-05-21,66.5,RBTS,1,25,10,0,12.1,42,0,0,0,0,0,0,100,100,0,0,0,0,20,30,50,10,p,1,0,rbt0
71,Hatchery Riffle,2001-05-21,66.5,RBTS,2,25,5,0,24.1,8,0,0,0,0,20,70,10,40,10,0,50,0,50,10,40,0,p,1,0,rbt0
71,Hatchery Riffle,2001-05-21,66.5,RBTS,1,50,5,0,24.1,8,0,0,0,0,20,70,10,40,10,0,50,0,50,10,40,0,p,1,0,rbt0
71,Hatchery Riffle,2001-05-21,66.5,RBTS,1,35,5,0,24.1,8,0,0,0,0,20,70,10,40,10,0,50,0,50,10,40,0,p,1,0,rbt0
72,Auditorium Riffle,2001-05-21,66,RBTS,10,25,20,0,3.2,52,0,0,0,50,50,0,0,90,10,0,0,0,100,0,0,0,p,2,0,rbt0
72,Auditorium Riffle,2001-05-21,66,RBTS,5,30,20,0,3.2,52,0,0,0,50,50,0,0,90,10,0,0,0,100,0,0,0,p,2,0,rbt0
72,Auditorium Riffle,2001-05-21,66,CHN,20,40,20,0,3.2,52,0,0,0,50,50,0,0,90,10,0,0,0,100,0,0,0,p,2,0,chn0
72,Auditorium Riffle,2001-05-21,66,CHN,40,45,20,0,3.2,52,0,0,0,50,50,0,0,90,10,0,0,0,100,0,0,0,p,2,0,chn0
72,Auditorium Riffle,2001-05-21,66,CHN,2,65,15,0,3.2,52,0,0,0,50,50,0,0,90,10,0,0,0,100,0,0,0,p,2,0,chn0
72,Auditorium Riffle,2001-05-21,66,CHN,50,65,15,0,6.2,41,0,0,0,25,75,0,0,100,0,0,0,0,75,25,0,0,p,2,0,chn0
72,Auditorium Riffle,2001-05-21,66,RBTS,1,35,15,0,6.4,56,0,0,0,25,75,0,0,100,0,0,0,0,100,0,0,0,p,4,0,rbt0
72,Auditorium Riffle,2001-05-21,66,RBTS,150,35,15,0,6.4,56,0,0,0,25,75,0,0,100,0,0,0,0,100,0,0,0,p,4,0,rbt0
72,Auditorium Riffle,2001-05-21,66,RBTS,5,25,15,0,6.4,56,0,0,0,25,75,0,0,100,0,0,0,0,100,0,0,0,p,4,0,rbt0
72,Auditorium Riffle,2001-05-21,66,RBTS,150,40,30,0.15000001,6.4,56,0,0,0,25,75,0,0,100,0,0,0,0,100,0,0,0,p,4,0,rbt0
72,Auditorium Riffle,2001-05-21,66,CHN,50,50,20,0,9.1,30,0,0,0,25,75,0,0,85,15,0,0,0,100,0,0,0,p,1,0,chn0
72,Auditorium Riffle,2001-05-21,66,RBTS,6,30,20,0,9.1,30,0,0,0,25,75,0,0,85,15,0,0,0,100,0,0,0,p,1,0,rbt0
72,Auditorium Riffle,2001-05-21,66,CHN,75,40,20,0,9.4,45,0.4,0,0,40,40,20,0,95,5,0,0,0,60,0,40,0,p,4,0,chn0
72,Auditorium Riffle,2001-05-21,66,RBTS,5,35,5,0,15.1,24,0,0,0,0,75,25,0,80,15,0,5,0,80,0,20,0,p,1,0,rbt0
72,Auditorium Riffle,2001-05-21,66,RBTS,3,25,5,0,18.1,11,0,0,0,0,20,80,0,85,0,0,15,0,80,0,20,0,p,1,0,rbt0
72,Auditorium Riffle,2001-05-21,66,RBTS,1,35,3,0.28999999,18.3,19,0.29,0,0,5,70,25,0,90,10,0,0,0,100,0,0,0,p,3,0,rbt0
72,Auditorium Riffle,2001-05-21,66,RBTS,1,25,5,0,21.1,8,0,0,0,90,10,0,0,50,0,0,50,0,20,40,40,0,p,1,0,rbt0
72,Auditorium Riffle,2001-05-21,66,RBTS,2,25,15,0,24.1,18,0,0,10,90,0,0,0,75,25,0,0,0,15,25,60,0,p,1,0,rbt0
72,Auditorium Riffle,2001-05-21,66,CHN,200,35,25,0.5,24.4,41,0.5,0,0,0,20,60,20,80,0,0,20,0,30,30,40,10,g,4,0,chn0
73,Bedrock,2001-05-22,65.8,CHN,50,35,10,0,9.4,34,0,0,0,0,40,40,20,90,0,0,10,0,100,0,0,10,g,4,0,chn0
73,Bedrock,2001-05-22,65.8,CHN,1,35,4,0,9.4,34,0,0,0,0,40,40,20,90,0,0,10,0,100,0,0,10,g,4,0,chn0
74,Aleck Riffle,2001-05-22,63.5,RBTS,1,30,5,0,9.2,22,0,0,0,15,15,60,10,70,0,0,30,0,70,30,0,0,p,2,0,rbt0
76,Lower Robinson,2001-05-21,61.5,RBTS,1,40,15,0,12.1,23,0,0,40,30,30,0,0,70,0,0,30,0,30,30,40,10,g,1,0,rbt0
76,Lower Robinson,2001-05-21,61.5,CHN,5,70,20,0,12.3,39,0,0,0,100,0,0,0,100,0,0,0,0,0,25,75,20,g,3,0,chn0
76,Lower Robinson,2001-05-21,61.5,CHN,1,100,20,0,12.3,39,0,0,0,100,0,0,0,100,0,0,0,0,0,25,75,20,g,3,1,
77,Steep Side Channel,2001-05-21,61,RBTC,2,450,25,0,15.3,79,0,0,0,40,40,20,0,100,0,0,0,0,100,0,0,30,r,3,1,rbt1
77,Steep Side Channel,2001-05-21,61,CHN,20,80,40,0,24.3,80,0,0,40,0,20,0,40,40,60,0,0,0,40,0,60,10,p,3,0,chn0
78,Eye Riffle Main Channel,2001-05-22,60,RBTS,1,40,10,0,15.1,43,0,0,40,30,30,0,0,60,10,0,30,0,70,0,30,0,p,1,0,rbt0
79,Eye Riffle Side,2001-05-22,60,RBTS,1,40,2,0,18.1,7,0,40,60,0,0,0,0,70,20,0,10,0,0,20,80,0,p,1,0,rbt0
79,Eye Riffle Side,2001-05-22,60,CHN,4,35,2,0,18.1,7,0,40,60,0,0,0,0,70,20,0,10,0,0,20,80,0,p,1,0,chn0
79,Eye Riffle Side,2001-05-22,60,CHN,2,75,2,0.57999998,21.2,21,0.82,20,80,0,0,0,0,80,10,0,10,0,80,10,10,0,g,2,0,chn0
90,Junkyard Riffle,2001-05-24,49,TP,15,40,40,2.03,18.3,79,2.03,40,20,40,0,0,0,70,10,0,20,0,100,0,0,0,g,3,0,
96,Hatchery riffle,2001-04-09,66.5,RBTS,1,30,10,0,0.1,18,0,0,0,0,0,100,0,70,20,0,10,0,90,10,0,0,g,1,0,rbt0
96,Hatchery riffle,2001-04-09,66.5,RBTS,1,30,10,0,3.1,14,0,0,0,0,70,30,0,80,10,0,10,0,100,0,0,0,g,1,0,rbt0
96,Hatchery riffle,2001-04-09,66.5,RBTS,1,30,1,0,12.1,5,0,0,0,0,70,30,0,40,20,0,40,0,35,15,50,0,g,1,0,rbt0
96,Hatchery riffle,2001-04-09,66.5,CHN,500,45,3,0,12.2,18,0,0,0,0,100,0,0,40,10,0,50,0,70,0,30,0,g,2,0,chn0
96,Hatchery riffle,2001-04-09,66.5,CHN,500,50,4,0,12.2,18,0,0,0,0,100,0,0,40,10,0,50,0,70,0,30,0,g,2,0,chn0
96,Hatchery riffle,2001-04-09,66.5,RBTS,25,30,4,0,12.2,18,0,0,0,0,100,0,0,40,10,0,50,0,70,0,30,0,g,2,0,rbt0
96,Hatchery riffle,2001-04-09,66.5,RBTS,7,30,10,0,15.1,11,0,0,0,0,40,60,0,55,15,0,30,0,100,0,0,0,g,1,0,rbt0
96,Hatchery riffle,2001-04-09,66.5,RBTS,4,30,5,0,18.1,30,0.94,0,10,10,80,0,0,65,10,0,15,10,0,40,60,10,g,1,0,rbt0
96,Hatchery riffle,2001-04-09,66.5,CHN,5,40,5,0,18.1,30,0.94,0,10,10,80,0,0,65,10,0,15,10,0,40,60,10,g,1,0,chn0
96,Hatchery riffle,2001-04-09,66.5,RBTS,2,30,5,0.18000001,24.1,10,0,0,0,30,10,60,0,65,10,0,25,0,100,0,0,0,g,1,0,rbt0
96,Hatchery riffle,2001-04-09,66.5,RBTS,1,50,5,0.18000001,24.1,10,0,0,0,30,10,60,0,65,10,0,25,0,100,0,0,0,g,1,0,rbt0
96,Hatchery riffle,2001-04-09,66.5,CHN,30,50,4,0.18000001,24.1,10,0,0,0,30,10,60,0,65,10,0,25,0,100,0,0,0,g,1,0,chn0
96,Hatchery riffle,2001-04-09,66.5,CHN,2,50,6,0,24.1,10,0,0,0,30,10,60,0,65,10,0,25,0,100,0,0,0,g,1,0,chn0
96,Hatchery riffle,2001-04-09,66.5,RBTS,5,30,5,0,24.1,10,0,0,0,30,10,60,0,65,10,0,25,0,100,0,0,0,g,1,0,rbt0
96,Hatchery riffle,2001-04-09,66.5,RBTS,2,25,5,0,24.1,10,0,0,0,30,10,60,0,65,10,0,25,0,100,0,0,0,g,1,0,rbt0
97,Auditorium Riffle,2001-04-09,66.5,CHN,50,45,8,0.25999999,0.1,25,0.26,0,60,0,0,40,0,90,0,0,10,0,0,10,90,0,g,1,0,chn0
97,Auditorium Riffle,2001-04-09,66.5,RBTS,2,25,10,0,0.1,25,0.26,0,60,0,0,40,0,90,0,0,10,0,0,10,90,0,g,1,0,rbt0
97,Auditorium Riffle,2001-04-09,66.5,RBTS,1,35,15,0,3.1,19,0,0,30,10,0,20,40,80,10,0,0,10,65,10,25,0,g,1,0,rbt0
97,Auditorium Riffle,2001-04-09,66.5,CHN,8,50,30,0.75,3.2,42,0.7,0,0,0,10,30,60,100,0,0,0,0,100,0,0,10,g,2,0,chn0
97,Auditorium Riffle,2001-04-09,66.5,RBTS,1,35,2,0,6.1,27,0.7,0,10,10,0,20,60,90,0,0,10,0,100,0,0,30,g,1,0,rbt0
97,Auditorium Riffle,2001-04-09,66.5,CHN,50,40,5,0.85000002,6.2,33,1.42,0,0,20,0,20,60,100,0,0,0,0,100,0,0,30,g,2,0,chn0
97,Auditorium Riffle,2001-04-09,66.5,CHN,2,35,1,0,6.1,27,0.7,0,10,10,0,20,60,90,0,0,10,0,100,0,0,30,g,1,0,chn0
97,Auditorium Riffle,2001-04-09,66.5,CHN,40,35,1,0.50999999,6.1,27,0.7,0,10,10,0,20,60,90,0,0,10,0,100,0,0,30,g,1,0,chn0
97,Auditorium Riffle,2001-04-09,66.5,RBTS,3,25,3,0,9.1,9,0,0,20,0,0,40,40,0,50,0,30,20,40,10,50,0,g,1,0,rbt0
97,Auditorium Riffle,2001-04-09,66.5,CHN,60,40,4,0.56,12.1,16,0.23,0,20,20,20,10,30,80,0,0,10,10,70,0,30,0,g,1,0,chn0
97,Auditorium Riffle,2001-04-09,66.5,RBTS,5,30,5,0,15.1,14,0,0,0,40,0,40,20,50,30,0,20,0,30,30,40,0,g,1,0,rbt0
97,Auditorium Riffle,2001-04-09,66.5,RBTS,1,30,5,0,15.1,14,0,0,0,40,0,40,20,50,30,0,20,0,30,30,40,0,g,1,0,rbt0
97,Auditorium Riffle,2001-04-09,66.5,RBTS,3,30,3,0,18.1,5,0,0,0,10,0,50,40,80,10,0,10,0,0,70,30,0,g,1,0,rbt0
97,Auditorium Riffle,2001-04-09,66.5,CHN,150,40,10,0,24.2,24,0,0,0,20,20,60,0,100,0,0,0,0,100,0,0,0,g,2,0,chn0
99,Goose Riffle,2001-08-22,54.5,SPD,3,45,5,2.21,9.4,26,2.08,0,0,30,70,0,0,100,0,0,0,0,100,0,0,0,r,4,0,
99,Goose Riffle,2001-08-22,54.5,RBTC,2,125,10,1.78,15.4,23,1.32,0,10,10,50,20,10,100,0,0,0,0,100,0,0,0,r,4,1,rbt1
101,Lower Hour,2001-08-22,56,SASQ,1,200,10,0.18000001,0.4,90,0.18,0,0,0,75,25,0,85,0,0,15,0,100,0,0,0,g,4,1,
103,Lower Big Hole,2001-08-21,57.5,SASQ,2,180,30,0.95999998,6.3,49,1.39,0,0,50,20,30,0,100,0,0,0,0,100,0,0,10,g,3,1,
103,Lower Big Hole,2001-08-21,57.5,SPD,1,40,10,2.1400001,12.3,15,1.5,0,0,60,40,0,0,100,0,0,0,0,100,0,0,10,g,3,0,
103,Lower Big Hole,2001-08-21,57.5,SPD,8,40,30,0,15.2,30,0,0,0,40,20,30,10,50,0,0,50,0,100,0,0,0,g,2,0,
107,Aleck Riffle,2001-08-21,63.5,RBTS,3,65,5,1.3200001,15.1,16,1.32,0,0,100,0,0,0,90,0,0,10,0,100,0,0,0,r,1,0,rbt0
107,Aleck Riffle,2001-08-21,63.5,RBTS,2,65,5,2.6400001,12.3,16,2.64,0,0,100,0,0,0,100,0,0,0,0,100,0,0,0,r,3,0,rbt0
111,Hatchery Ditch,2001-04-09,66,RBTS,2,25,1,0.76999998,0.1,12,1,0,60,10,30,0,0,50,10,0,40,0,100,0,0,10,g,1,0,rbt0
111,Hatchery Ditch,2001-04-09,66,RBTS,2,25,1,0,0.1,12,1,0,60,10,30,0,0,50,10,0,40,0,100,0,0,10,g,1,0,rbt0
111,Hatchery Ditch,2001-04-09,66,RBTS,9,27,1,0,0.1,12,1,0,60,10,30,0,0,50,10,0,40,0,100,0,0,10,g,1,0,rbt0
111,Hatchery Ditch,2001-04-09,66,RBTS,3,27,1,0,3.1,5,0,0,40,20,30,10,0,90,10,0,0,0,80,10,10,0,g,1,0,rbt0
111,Hatchery Ditch,2001-04-09,66,CHN,25,40,1,0,3.1,5,0,0,40,20,30,10,0,90,10,0,0,0,80,10,10,0,g,1,0,chn0
111,Hatchery Ditch,2001-04-09,66,RBTS,2,25,1,0,3.1,5,0,0,40,20,30,10,0,90,10,0,0,0,80,10,10,0,g,1,0,rbt0
111,Hatchery Ditch,2001-04-09,66,CHN,30,45,5,1.0599999,3.2,12,0,100,0,0,0,0,0,40,10,40,10,0,50,50,0,0,g,2,0,chn0
111,Hatchery Ditch,2001-04-09,66,RBTS,2,25,1,0,3.2,12,0,100,0,0,0,0,0,40,10,40,10,0,50,50,0,0,g,2,0,rbt0
111,Hatchery Ditch,2001-04-09,66,RBTS,1,25,1,0,3.2,12,0,100,0,0,0,0,0,40,10,40,10,0,50,50,0,0,g,2,0,rbt0
111,Hatchery Ditch,2001-04-09,66,RBTS,4,25,1,0,3.3,29,1.14,100,0,0,0,0,0,90,0,10,0,0,100,0,0,10,g,3,0,rbt0
111,Hatchery Ditch,2001-04-09,66,RBTS,10,30,1,0,6.2,8,0,100,0,0,0,0,0,35,0,0,65,0,85,15,0,0,g,2,0,rbt0
111,Hatchery Ditch,2001-04-09,66,RBTS,8,30,0,0.36000001,6.3,15,1.49,0,60,40,0,0,0,60,20,0,20,0,90,10,0,10,g,3,0,rbt0
111,Hatchery Ditch,2001-04-09,66,RBTS,6,30,1,0.25,6.3,15,1.49,0,60,40,0,0,0,60,20,0,20,0,90,10,0,10,g,3,0,rbt0
111,Hatchery Ditch,2001-04-09,66,RBTS,2,30,1,0.25,6.3,15,1.49,0,60,40,0,0,0,60,20,0,20,0,90,10,0,10,g,3,0,rbt0
111,Hatchery Ditch,2001-04-09,66,RBTS,1,25,1,0.44999999,9.1,6,0,100,0,0,0,0,0,30,50,0,20,0,30,70,0,0,g,1,0,rbt0
111,Hatchery Ditch,2001-04-09,66,RBTS,2,25,1,0.44999999,9.1,6,0,100,0,0,0,0,0,30,50,0,20,0,30,70,0,0,g,1,0,rbt0
111,Hatchery Ditch,2001-04-09,66,RBTS,1,25,1,0.44999999,9.1,6,0,100,0,0,0,0,0,30,50,0,20,0,30,70,0,0,g,1,0,rbt0
111,Hatchery Ditch,2001-04-09,66,RBTS,2,40,0.5,0,9.2,23,0.85,0,100,0,0,0,0,60,10,0,30,0,100,0,0,0,g,2,0,rbt0
111,Hatchery Ditch,2001-04-09,66,RBTS,2,25,0.5,0,9.2,23,0.85,0,100,0,0,0,0,60,10,0,30,0,100,0,0,0,g,2,0,rbt0
111,Hatchery Ditch,2001-04-09,66,CHN,1,40,1,0,9.2,23,0.85,0,100,0,0,0,0,60,10,0,30,0,100,0,0,0,g,2,0,chn0
111,Hatchery Ditch,2001-04-09,66,RBTS,6,30,2,0.54000002,12.2,13,0,0,100,0,0,0,0,80,10,0,10,0,50,50,0,0,g,2,0,rbt0
111,Hatchery Ditch,2001-04-09,66,CHN,40,40,2,0.54000002,12.2,13,0,0,100,0,0,0,0,80,10,0,10,0,50,50,0,0,g,2,0,chn0
111,Hatchery Ditch,2001-04-09,66,CHN,40,50,2,0.54000002,12.2,13,0,0,100,0,0,0,0,80,10,0,10,0,50,50,0,0,g,2,0,chn0
111,Hatchery Ditch,2001-04-09,66,CHN,100,35,2,0.54000002,12.2,13,0,0,100,0,0,0,0,80,10,0,10,0,50,50,0,0,g,2,0,chn0
111,Hatchery Ditch,2001-04-09,66,CHN,6,30,1,0,12.1,18,0.06,100,0,0,0,0,0,50,50,0,0,0,0,50,50,10,g,1,0,chn0
111,Hatchery Ditch,2001-04-09,66,RBTS,6,25,2,0,12.1,18,0.06,100,0,0,0,0,0,50,50,0,0,0,0,50,50,10,g,1,0,rbt0
111,Hatchery Ditch,2001-04-09,66,RBTS,7,25,2,0,12.1,18,0.06,100,0,0,0,0,0,50,50,0,0,0,0,50,50,10,g,1,0,rbt0
111,Hatchery Ditch,2001-04-09,66,CHN,50,35,1,0,12.1,18,0.06,100,0,0,0,0,0,50,50,0,0,0,0,50,50,10,g,1,0,chn0
111,Hatchery Ditch,2001-04-09,66,RBTS,15,30,1,1,12.2,13,0,0,100,0,0,0,0,80,10,0,10,0,50,50,0,0,g,2,0,rbt0
111,Hatchery Ditch,2001-04-09,66,RBTS,2,25,1,1,12.2,13,0,0,100,0,0,0,0,80,10,0,10,0,50,50,0,0,g,2,0,rbt0
111,Hatchery Ditch,2001-04-09,66,CHN,2,40,1,1,12.2,13,0,0,100,0,0,0,0,80,10,0,10,0,50,50,0,0,g,2,0,chn0
111,Hatchery Ditch,2001-04-09,66,CHN,100,40,5,0.46000001,15.2,22,2.28,0,70,30,0,0,0,100,0,0,0,0,100,0,0,25,g,2,0,chn0
111,Hatchery Ditch,2001-04-09,66,CHN,3,70,10,0.46000001,15.2,22,2.28,0,70,30,0,0,0,100,0,0,0,0,100,0,0,25,g,2,0,chn0
111,Hatchery Ditch,2001-04-09,66,CHN,50,40,10,0,15.1,21,0,0,100,0,0,0,0,60,0,40,0,0,0,30,70,10,g,1,0,chn0
111,Hatchery Ditch,2001-04-09,66,CHN,3,70,10,0,15.1,21,0,0,100,0,0,0,0,60,0,40,0,0,0,30,70,10,g,1,0,chn0
111,Hatchery Ditch,2001-04-09,66,CHN,5,70,20,0,18.1,32,0.4,0,100,0,0,0,0,50,30,20,0,0,0,50,50,10,g,1,0,chn0
111,Hatchery Ditch,2001-04-09,66,CHN,100,40,20,0,18.1,32,0.4,0,100,0,0,0,0,50,30,20,0,0,0,50,50,10,g,1,0,chn0
111,Hatchery Ditch,2001-04-09,66,RBTS,60,30,10,0,21.1,11,0.26,0,35,10,0,30,25,80,10,0,10,0,100,0,0,0,g,1,0,rbt0
111,Hatchery Ditch,2001-04-09,66,RBTS,5,30,10,0.25999999,21.1,11,0.26,0,35,10,0,30,25,80,10,0,10,0,100,0,0,0,g,1,0,rbt0
111,Hatchery Ditch,2001-04-09,66,CHN,20,80,20,0.95999998,21.2,36,0.76,0,40,30,30,0,0,100,0,0,0,0,100,0,0,15,g,2,0,chn0
111,Hatchery Ditch,2001-04-09,66,CHN,100,40,20,0.95999998,21.2,36,0.76,0,40,30,30,0,0,100,0,0,0,0,100,0,0,15,g,2,0,chn0
111,Hatchery Ditch,2001-04-09,66,CHN,100,50,20,0.95999998,21.2,36,0.76,0,40,30,30,0,0,100,0,0,0,0,100,0,0,15,g,2,0,chn0
111,Hatchery Ditch,2001-04-09,66,CHN,7,55,5,0.30000001,21.4,25,3.21,0,0,100,0,0,0,100,0,0,0,0,100,0,0,30,g,4,0,chn0
111,Hatchery Ditch,2001-04-09,66,RBTS,10,30,5,0.41999999,21.2,36,0.76,0,40,30,30,0,0,100,0,0,0,0,100,0,0,15,g,2,0,rbt0
111,Hatchery Ditch,2001-04-09,66,RBTS,20,30,3,0,24.1,5,0,50,50,0,0,0,0,30,10,0,60,0,90,10,0,0,g,1,0,rbt0
111,Hatchery Ditch,2001-04-09,66,RBTS,50,30,5,0,24.2,9,0.44,0,100,0,0,0,0,70,0,0,30,0,100,0,0,10,g,2,0,rbt0
111,Hatchery Ditch,2001-04-09,66,CHN,8,60,5,1.39,24.4,32,2.21,0,20,80,0,0,0,100,0,0,0,0,100,0,0,30,g,4,0,chn0
112,TRAILER PARK,2001-04-09,64.5,CHN,25,45,8,0.47,24.3,17,0.47,0,0,10,10,70,10,100,0,0,0,0,100,0,0,0,r,3,0,chn0
113,MATHEWS RIFFLE,2001-04-09,64,CHN,1,40,25,0,0.3,29,0,0,0,40,60,0,0,85,0,0,15,0,100,0,0,10,r,3,0,chn0
113,MATHEWS RIFFLE,2001-04-09,64,CHN,15,45,10,0,9.2,25,0,0,0,20,80,0,0,80,0,0,20,0,100,0,0,10,r,2,0,chn0
113,MATHEWS RIFFLE,2001-04-09,64,CHN,35,45,20,0,15.3,34,0,0,0,50,50,0,0,70,0,0,30,0,100,0,0,10,r,3,0,chn0
113,MATHEWS RIFFLE,2001-04-09,64,CHN,10,35,20,0,15.3,34,0,0,0,50,50,0,0,70,0,0,30,0,100,0,0,10,r,3,0,chn0
113,MATHEWS RIFFLE,2001-04-09,64,RBTS,1,30,5,0,18.1,14,0,0,0,25,75,0,0,10,10,0,80,0,100,0,0,0,r,1,0,rbt0
114,Alec Riffle,2001-04-09,63.5,RBTS,1,30,5,0,0.4,23,0,0,0,0,0,50,50,0,0,0,100,0,100,0,0,0,r,4,0,rbt0
114,Alec Riffle,2001-04-09,63.5,CHN,3,40,5,0,9.3,20,0,0,0,0,40,60,0,10,0,0,90,0,100,0,0,0,r,3,0,chn0
114,Alec Riffle,2001-04-09,63.5,CHN,8,40,5,0,15.1,16,0,0,0,60,20,10,10,30,0,0,70,0,100,0,0,0,r,1,0,chn0
114,Alec Riffle,2001-04-09,63.5,RBTS,1,30,5,0,21.1,16,0,0,0,30,10,10,50,25,0,0,75,0,100,0,0,0,r,1,0,rbt0
115,Steep Riffle,2001-04-10,62.5,CHN,2,45,5,0,3.1,24,0,0,25,75,0,0,0,50,50,0,0,0,100,0,0,40,g,1,0,chn0
115,Steep Riffle,2001-04-10,62.5,RBTS,1,25,5,0,6.1,12,0,0,80,20,0,0,0,30,60,0,10,0,75,25,0,10,g,1,0,rbt0
115,Steep Riffle,2001-04-10,62.5,CHN,5,45,1,0,6.2,29,0,0,20,80,0,0,0,100,0,0,0,0,100,0,0,30,g,2,0,chn0
115,Steep Riffle,2001-04-10,62.5,RBTS,1,30,5,0,9.1,13,0,0,20,70,10,0,0,70,30,0,0,0,100,0,0,20,g,1,0,rbt0
115,Steep Riffle,2001-04-10,62.5,CHN,6,35,15,0,24.4,24,0,0,0,40,60,0,0,100,0,0,0,0,100,0,0,10,g,4,0,chn0
116,Robinson Riffle,2001-04-10,61,CHN,15,40,5,0,0.4,24,0,0,60,30,10,0,0,100,0,0,0,0,100,0,0,20,g,4,0,chn0
116,Robinson Riffle,2001-04-10,61,CHN,5,40,5,0,6.2,27,0,0,0,30,50,20,0,90,0,0,10,0,100,0,0,10,g,2,0,chn0
116,Robinson Riffle,2001-04-10,61,CHN,40,45,5,0,3.4,20,0,0,0,60,40,0,0,100,0,0,0,0,100,0,0,10,g,4,0,chn0
116,Robinson Riffle,2001-04-10,61,CHN,80,50,1,0,12.3,37,0,0,100,0,0,0,0,100,0,0,0,0,100,0,0,10,g,3,0,chn0
116,Robinson Riffle,2001-04-10,61,RBTS,1,25,5,0,18.1,20,0,0,50,20,30,0,0,60,20,0,20,0,40,60,0,0,g,1,0,rbt0
116,Robinson Riffle,2001-04-10,61,RBTS,100,50,10,0,18.3,43,0,0,0,20,60,20,0,100,0,0,0,0,100,0,0,50,g,3,0,rbt0
117,Robinson Side Channel,2001-04-10,61,RBTS,1,25,5,0,3.2,20,0,0,0,0,40,50,10,75,0,0,25,0,50,50,0,0,g,2,0,rbt0
117,Robinson Side Channel,2001-04-10,61,RBTS,1,25,5,0,6.3,26,0,0,0,0,50,50,0,70,0,0,30,0,90,10,0,0,g,3,0,rbt0
117,Robinson Side Channel,2001-04-10,61,RBTS,1,25,1,0,9.1,15,0,0,0,0,40,50,10,40,0,0,60,0,30,70,0,0,g,1,0,rbt0
117,Robinson Side Channel,2001-04-10,61,RBTS,1,25,3,0,21.1,9,0,0,0,0,30,40,30,40,30,0,30,0,70,30,0,0,g,1,0,rbt0
117,Robinson Side Channel,2001-04-10,61,RBTS,1,25,10,0,21.2,14,0,0,0,0,20,80,0,50,0,0,50,0,50,50,0,0,g,2,0,rbt0
118,Weir Riffle,2001-04-10,61,CHN,50,50,2,0.93000001,21.4,28,1.58,0,0,20,50,30,0,100,0,0,0,0,100,0,0,0,g,4,0,chn0
118,Weir Riffle,2001-04-10,61,CHN,1,35,2,0,21.2,20,0,0,0,30,30,40,0,90,10,0,0,0,50,0,50,0,g,2,0,chn0
121,Vance (300 yards below-RR-right channel,2001-04-11,58.5,CHN,12,50,15,0,9.1,20,0,0,100,0,0,0,0,30,40,0,30,0,0,50,50,0,p,1,0,chn0
122,Across Big Hole Island ( River Right),2001-04-11,58,CHN,8,70,30,0,21.4,66,0,0,0,0,50,30,20,100,0,0,0,0,100,0,0,0,p,4,0,chn0
122,Across Big Hole Island ( River Right),2001-04-11,58,CHN,50,50,35,0,24.4,75,0,0,0,80,20,0,0,50,25,0,25,0,40,0,60,0,p,4,0,chn0
122,Across Big Hole Island ( River Right),2001-04-11,58,CHN,10,40,35,0,24.4,75,0,0,0,80,20,0,0,50,25,0,25,0,40,0,60,0,p,4,0,chn0
122,Across Big Hole Island ( River Right),2001-04-11,58,CHN,250,50,30,0,21.4,66,0,0,0,0,50,30,20,100,0,0,0,0,100,0,0,0,p,4,0,chn0
124,G95,2001-04-11,57.4,CHN,170,55,10,0.63999999,15.2,32,0.71,0,30,35,35,0,0,75,0,0,25,0,80,20,0,10,g,2,0,chn0
129,McFarland Riffle`,2001-04-12,52.5,CHN,15,50,10,1.3,18.3,55,1.3,0,0,80,20,0,0,100,0,0,0,0,100,0,0,25,g,3,0,chn0
130,Gridley Side Channel,2001-04-12,49.5,CHN,1,55,5,0,6.2,59,0,100,0,0,0,0,0,0,20,0,80,0,100,0,0,0,p,2,0,chn0
130,Gridley Side Channel,2001-04-12,49.5,CHN,18,55,2,0,15.3,24,0,0,10,90,0,0,0,100,0,0,0,0,100,0,0,0,g,3,0,chn0
131,Junkyard Riffle,2001-04-12,48.5,CHN,70,55,25,0,6.1,27,0,70,0,15,15,0,0,40,60,0,0,0,60,40,0,0,p,1,0,chn0
131,Junkyard Riffle,2001-04-12,48.5,CHN,550,55,30,0,9.1,51,0,100,0,0,0,0,0,75,10,0,15,0,85,15,0,0,p,1,0,chn0
131,Junkyard Riffle,2001-04-12,48.5,CHN,10,50,30,0,12.1,91,0,90,0,0,10,0,0,90,0,0,10,0,75,25,0,0,p,1,0,chn0
131,Junkyard Riffle,2001-04-12,48.5,CHN,6,60,30,0,15.2,71,0,100,0,0,0,0,0,100,0,0,0,0,0,0,100,0,p,2,0,chn0
132,gridley riffle,2001-03-19,49.5,CHN,200,45,7,0,0.1,8,0,0,100,0,0,0,0,25,75,0,0,0,65,10,25,0,p,1,0,chn0
132,gridley riffle,2001-03-19,49.5,RBTS,1,25,5,0,0.3,71,0,0,100,0,0,0,0,40,60,0,0,0,30,70,0,0,g,3,0,rbt0
132,gridley riffle,2001-03-19,49.5,CHN,100,45,4,0,3.1,7,0,0,100,0,0,0,0,0,100,0,0,0,25,75,0,0,p,1,0,chn0
132,gridley riffle,2001-03-19,49.5,CHN,1000,40,50,0.30000001,9.3,65,0.42,0,75,25,0,0,0,90,10,0,0,0,100,0,0,0,p,3,0,chn0
132,gridley riffle,2001-03-19,49.5,CHN,1000,40,25,0.36000001,21.2,31,0.36,0,10,90,0,0,0,90,10,0,0,0,100,0,0,0,g,2,0,chn0
132,gridley riffle,2001-03-19,49.5,CHN,500,45,30,0,21.4,54,0.53,0,70,30,0,0,0,100,0,0,0,0,100,0,0,10,g,4,0,chn0
132,gridley riffle,2001-03-19,49.5,SASQ,3,100,6,0,0.1,8,0,0,100,0,0,0,0,25,75,0,0,0,65,10,25,0,p,1,1,
132,gridley riffle,2001-03-19,49.5,CHN,5,75,5,0,0.1,8,0,0,100,0,0,0,0,25,75,0,0,0,65,10,25,0,p,1,0,chn0
132,gridley riffle,2001-03-19,49.5,CHN,75,45,10,0,0.3,71,0,0,100,0,0,0,0,40,60,0,0,0,30,70,0,0,g,3,0,chn0
133,shallow riffle,2001-03-19,47,RBTS,1,25,5,0.25,0.3,26,0,0,20,60,20,0,0,100,0,0,0,0,100,0,0,0,p,3,0,rbt0
133,shallow riffle,2001-03-19,47,SASQ,25,90,10,0,3.4,30,0.24,0,0,20,80,0,0,100,0,0,0,0,100,0,0,0,p,4,0,
133,shallow riffle,2001-03-19,47,CHN,20,45,25,0,3.4,30,0.24,0,0,20,80,0,0,100,0,0,0,0,100,0,0,0,p,4,0,chn0
133,shallow riffle,2001-03-19,47,CHN,100,35,10,0,6.3,24,0,0,0,0,90,10,0,100,0,0,0,0,100,0,0,0,p,3,0,chn0
133,shallow riffle,2001-03-19,47,SASQ,75,100,10,0,9.4,62,0,0,0,0,80,20,0,100,0,0,0,0,100,0,0,0,p,4,1,
133,shallow riffle,2001-03-19,47,SASQ,1000,50,60,0,15.3,90,0,0,0,0,100,0,0,60,40,0,0,0,0,10,90,0,p,3,0,
133,shallow riffle,2001-03-19,47,SASQ,500,70,60,0,15.3,90,0,0,0,0,100,0,0,60,40,0,0,0,0,10,90,0,p,3,0,
133,shallow riffle,2001-03-19,47,SASQ,200,100,60,0,15.3,90,0,0,0,0,100,0,0,60,40,0,0,0,0,10,90,0,p,3,1,
133,shallow riffle,2001-03-19,47,SASQ,50,150,60,0,15.3,90,0,0,0,0,100,0,0,60,40,0,0,0,0,10,90,0,p,3,1,
133,shallow riffle,2001-03-19,47,CHN,150,35,60,0,15.3,90,0,0,0,0,100,0,0,60,40,0,0,0,0,10,90,0,p,3,0,chn0
133,shallow riffle,2001-03-19,47,CHN,50,70,75,0,15.4,100,0,0,0,0,40,60,0,100,0,0,0,0,0,10,90,0,p,4,0,chn0
133,shallow riffle,2001-03-19,47,TP,50,90,60,0,24.4,200,0,0,100,0,0,0,0,100,0,0,0,0,100,0,0,0,p,4,0,
133,shallow riffle,2001-03-19,47,SASQ,50,75,100,0,24.4,200,0,0,100,0,0,0,0,100,0,0,0,0,100,0,0,0,p,4,0,
133,shallow riffle,2001-03-19,47,CHN,200,40,100,0,24.4,200,0,0,100,0,0,0,0,100,0,0,0,0,100,0,0,0,p,4,0,chn0
134,herringer main river left,2001-03-19,46,CHN,1,40,10,0.55000001,0.2,21,0.38,0,100,0,0,0,0,100,0,0,0,0,100,0,0,10,g,2,0,chn0
135,g95 rr downstream head,2001-03-13,57.3,CHN,75,45,10,0.5,0.2,40,0.5,0,0,50,40,10,0,80,20,0,0,0,100,0,0,20,g,2,0,chn0
135,g95 rr downstream head,2001-03-13,57.3,CHN,10,45,10,1.4,0.3,82,1.4,0,0,10,40,50,0,100,0,0,0,0,100,0,0,25,g,3,0,chn0
135,g95 rr downstream head,2001-03-13,57.3,CHN,50,55,20,0.69999999,3.2,76,1,0,0,10,30,60,0,90,10,0,0,0,100,0,0,15,g,2,0,chn0
135,g95 rr downstream head,2001-03-13,57.3,CHN,20,65,20,0.69999999,3.2,76,1,0,0,10,30,60,0,90,10,0,0,0,100,0,0,15,g,2,0,chn0
135,g95 rr downstream head,2001-03-13,57.3,CHN,300,50,25,0.64999998,6.2,77,1.1,0,20,0,40,40,0,90,10,0,0,0,30,70,0,0,g,2,0,chn0
135,g95 rr downstream head,2001-03-13,57.3,CHN,350,45,10,0,12.2,43,0.56,0,75,15,0,0,10,15,85,0,0,0,90,10,0,0,p,2,0,chn0
135,g95 rr downstream head,2001-03-13,57.3,CHN,300,40,10,0,18.1,30,0.5,0,40,20,40,0,0,25,75,0,0,0,0,25,75,0,p,1,0,chn0
135,g95 rr downstream head,2001-03-13,57.3,CHN,30,40,20,0.80000001,9.3,33,0.4,0,0,20,40,40,0,80,20,0,0,0,100,0,0,20,g,3,0,chn0
135,g95 rr downstream head,2001-03-13,57.3,CHN,40,40,30,0.69999999,12.4,73,0.56,0,0,20,60,20,0,100,0,0,0,0,100,0,0,10,p,4,0,chn0
135,g95 rr downstream head,2001-03-13,57.3,CHN,300,40,20,0.37,15.4,100,0.24,0,0,20,60,20,0,100,0,0,0,0,100,0,0,10,p,4,0,chn0
135,g95 rr downstream head,2001-03-13,57.3,CHN,500,40,60,0.2,15.3,72,0.41,0,0,10,60,30,0,100,0,0,0,0,100,0,0,10,p,3,0,chn0
135,g95 rr downstream head,2001-03-13,57.3,CHN,200,40,50,0,24.4,130,0.45,0,0,10,80,10,0,100,0,0,0,0,100,0,0,30,g,4,0,chn0
135,g95 rr downstream head,2001-03-13,57.3,CHN,200,40,110,0.41,21.4,150,0.37,0,80,20,0,0,0,100,0,0,0,0,100,0,0,0,p,4,0,chn0
135,g95 rr downstream head,2001-03-13,57.3,CHN,300,40,100,0.34999999,21.3,130,0.74,0,0,10,80,10,0,100,0,0,0,0,100,0,0,0,p,3,0,chn0
136,Steep Riffle,2001-03-13,61,RBTS,1,25,5,0,12.3,39,0,0,0,0,70,30,0,100,0,0,0,0,100,0,0,0,g,3,0,rbt0
136,Steep Riffle,2001-03-13,61,RBTS,5,25,5,0,15.1,11,0,10,0,30,20,40,0,30,10,0,60,0,100,0,0,0,g,1,0,rbt0
136,Steep Riffle,2001-03-13,61,RBTS,1,25,5,0.5,21.1,8,0,0,0,20,60,10,10,40,10,0,50,0,100,0,0,0,g,1,0,rbt0
136,Steep Riffle,2001-03-13,61,RBTS,3,25,5,0,24.2,20,0,0,10,50,20,20,0,75,15,0,10,0,100,0,0,15,r,2,0,rbt0
136,Steep Riffle,2001-03-13,61,CHN,1,35,5,0,15.1,11,0,10,0,30,20,40,0,30,10,0,60,0,100,0,0,0,g,1,0,chn0
136,Steep Riffle,2001-03-13,61,CHN,300,50,25,0,9.3,45,0,0,20,30,50,0,0,75,0,0,25,0,100,0,0,0,g,3,0,chn0
136,Steep Riffle,2001-03-13,61,RBTS,1,25,5,0,0.1,8,0,0,25,50,25,0,0,10,0,0,90,0,100,0,0,0,g,1,0,rbt0
137,Hatchery Riffle,2001-03-14,66.6,CHN,1,30,3,0,6.4,55,0,20,0,0,50,20,10,70,20,0,10,0,100,0,0,0,p,4,0,chn0
137,Hatchery Riffle,2001-03-14,66.6,RBTS,1,25,1,0,12.4,60,0,0,0,0,80,0,20,100,0,0,0,0,100,0,0,0,p,4,0,rbt0
137,Hatchery Riffle,2001-03-14,66.6,RBTS,3,25,5,0,6.1,26,0,30,0,0,30,40,0,0,90,0,10,0,80,20,0,0,p,1,0,rbt0
137,Hatchery Riffle,2001-03-14,66.6,RBTS,1,25,1,0,9.1,14,0,0,0,20,70,10,0,0,10,0,70,20,0,20,80,0,p,1,0,rbt0
137,Hatchery Riffle,2001-03-14,66.6,RBTS,3,25,5,0,12.1,13,0,0,0,0,100,0,0,60,20,0,20,0,100,0,0,0,p,1,0,rbt0
137,Hatchery Riffle,2001-03-14,66.6,RBTS,6,25,1,0,18.1,16,0,0,0,0,50,50,0,30,10,0,50,10,100,0,0,0,p,1,0,rbt0
137,Hatchery Riffle,2001-03-14,66.6,RBTS,1,25,5,0,21.1,11,0,0,0,0,0,30,70,20,10,0,70,0,100,0,0,0,p,1,0,rbt0
137,Hatchery Riffle,2001-03-14,66.6,RBTS,1,25,5,0,24.1,15,0,0,0,0,60,40,0,70,10,0,20,0,100,0,0,0,p,1,0,rbt0
137,Hatchery Riffle,2001-03-14,66.6,CHN,50,50,5,0,24.1,15,0,0,0,0,60,40,0,70,10,0,20,0,100,0,0,0,p,1,0,chn0
137,Hatchery Riffle,2001-03-14,66.6,RBTS,6,25,10,0,24.1,15,0,0,0,0,60,40,0,70,10,0,20,0,100,0,0,0,p,1,0,rbt0
137,Hatchery Riffle,2001-03-14,66.6,RBTS,5,25,10,0,18.1,16,0,0,0,0,50,50,0,30,10,0,50,10,100,0,0,0,p,1,0,rbt0
138,Auditorium,2001-03-14,66.5,RBTS,1,28,1,0,9.1,50,0.3,0,30,0,60,10,0,50,10,0,20,20,0,20,80,0,g,1,0,rbt0
138,Auditorium,2001-03-14,66.5,CHN,1,45,1.5,0,12.1,40,0.18,0,70,30,0,0,0,40,0,40,0,20,0,20,80,0,g,1,0,chn0
138,Auditorium,2001-03-14,66.5,CHN,35,35,1.5,0,12.1,40,0.18,0,70,30,0,0,0,40,0,40,0,20,0,20,80,0,g,1,0,chn0
138,Auditorium,2001-03-14,66.5,CHN,25,40,1.5,0.40000001,15.1,43,0.47,0,0,40,0,60,0,60,30,0,10,0,10,30,60,0,g,1,0,chn0
138,Auditorium,2001-03-14,66.5,CHN,200,35,1,0.20999999,18.1,8,0,20,20,60,0,0,0,20,30,0,50,0,50,50,0,0,g,1,0,chn0
138,Auditorium,2001-03-14,66.5,RBTS,5,25,1,0,18.1,8,0,20,20,60,0,0,0,20,30,0,50,0,50,50,0,0,g,1,0,rbt0
138,Auditorium,2001-03-14,66.5,RBTS,1,25,0.5,0,21.1,22,0,0,60,30,10,0,0,45,20,0,15,20,0,20,80,0,g,1,0,rbt0
138,Auditorium,2001-03-14,66.5,CHN,1,35,5,0.23999999,18.3,59,0.27,0,80,20,0,0,0,90,0,0,10,0,100,0,0,0,g,3,0,chn0
138,Auditorium,2001-03-14,66.5,CHN,1,35,1,0.16,21.3,66,0.47,10,90,0,0,0,0,90,10,0,0,0,20,0,80,0,g,3,0,chn0
139,"Bedrock Park, Unit #50",2001-03-14,65.9,RBTS,1,25,8,0.75,12.1,32,0.6,0,0,15,10,75,0,75,0,25,0,0,50,40,10,0,g,1,0,rbt0
139,"Bedrock Park, Unit #50",2001-03-14,65.9,CHN,1,35,3,0.31999999,12.1,32,0.6,0,0,15,10,75,0,75,0,25,0,0,50,40,10,0,g,1,0,chn0
140,"Trailer Park, Unit #98",2001-03-14,64.4,RBTS,1,25,7,0,3.1,12,0,0,10,0,90,0,0,50,10,0,40,0,100,0,0,0,p,1,0,rbt0
140,"Trailer Park, Unit #98",2001-03-14,64.4,CHN,50,35,10,0,0.4,36,0,0,0,0,60,40,0,90,10,0,0,0,100,0,0,0,p,4,0,chn0
140,"Trailer Park, Unit #98",2001-03-14,64.4,CHN,1,35,10,0,9.4,31,0,0,0,0,70,20,10,100,0,0,0,0,100,0,0,0,p,4,0,chn0
140,"Trailer Park, Unit #98",2001-03-14,64.4,RBTS,2,25,5,0,15.1,14,0,0,0,0,0,60,40,40,20,0,40,0,0,5,95,0,p,1,0,rbt0
140,"Trailer Park, Unit #98",2001-03-14,64.4,RBTS,1,25,2,0,15.1,14,0,0,0,0,0,60,40,40,20,0,40,0,0,5,95,0,p,1,0,rbt0
140,"Trailer Park, Unit #98",2001-03-14,64.4,CHN,1,35,5,0,15.3,32,0,0,0,0,80,10,10,100,0,0,0,0,95,0,5,0,p,3,0,chn0
140,"Trailer Park, Unit #98",2001-03-14,64.4,CHN,4,35,5,0,18.4,28,0,0,0,0,80,20,0,100,0,0,0,0,100,0,0,0,p,4,0,chn0
140,"Trailer Park, Unit #98",2001-03-14,64.4,RBTS,1,25,3,0,24.2,11,0,0,0,0,0,60,40,100,0,0,0,0,100,0,0,0,p,2,0,rbt0
140,"Trailer Park, Unit #98",2001-03-14,64.4,CHN,1,35,5,0,24.4,22,0,0,0,0,20,40,40,100,0,0,0,0,100,0,0,0,p,4,0,chn0
141,Matthews Riffle,2001-03-14,64,RBTS,1,25,5,0,21.1,12,0,0,0,0,30,60,10,20,0,0,80,0,100,0,0,0,r,1,0,rbt0
141,Matthews Riffle,2001-03-14,64,CHN,1,35,5,0,3.2,21,0,0,0,0,10,90,0,100,0,0,0,0,100,0,0,0,g,2,0,chn0
141,Matthews Riffle,2001-03-14,64,CHN,1,35,10,0,3.3,39,0,0,0,0,80,20,0,90,0,0,10,0,100,0,0,0,g,3,0,chn0
141,Matthews Riffle,2001-03-14,64,CHN,3,35,10,0,6.3,39,0,0,0,0,80,20,0,100,0,0,0,0,100,0,0,0,g,3,0,chn0
141,Matthews Riffle,2001-03-14,64,CHN,1,35,5,0,6.4,46,0,0,0,0,60,40,0,100,0,0,0,0,100,0,0,35,g,4,0,chn0
141,Matthews Riffle,2001-03-14,64,CHN,5,35,5,0,12.3,31,0,0,0,0,60,40,0,100,0,0,0,0,100,0,0,0,g,3,0,chn0
141,Matthews Riffle,2001-03-14,64,CHN,2,35,5,0,18.4,29,0,0,0,20,60,20,0,90,5,0,5,0,100,0,0,0,r,4,0,chn0
142,Robinson Riffle,2001-03-15,61.5,RBTS,2,25,3,0,3.1,30,0,0,90,10,0,0,0,30,0,0,70,0,50,20,30,0,p,1,0,rbt0
142,Robinson Riffle,2001-03-15,61.5,RBTS,2,25,3,0,6.1,17,0,10,40,0,50,0,0,80,0,0,10,10,90,10,0,0,p,1,0,rbt0
142,Robinson Riffle,2001-03-15,61.5,CHN,1500,40,5,0,18.2,35,0,0,100,0,0,0,0,10,80,0,10,0,0,0,100,0,p,2,0,chn0
142,Robinson Riffle,2001-03-15,61.5,RBTS,3,25,5,0,18.1,16,0,0,100,0,0,0,0,30,70,0,0,0,0,0,100,0,p,1,0,rbt0
142,Robinson Riffle,2001-03-15,61.5,CHN,30,40,5,0,18.1,16,0,0,100,0,0,0,0,30,70,0,0,0,0,0,100,0,p,1,0,chn0
143,Steep Side Channel,2001-03-15,61,RBTC,1,500,20,0.64999998,18.3,120,0.65,0,40,30,20,10,0,25,75,0,0,0,70,0,30,0,g,3,1,rbt1
143,Steep Side Channel,2001-03-15,61,RBTS,1,500,20,0.64999998,18.3,120,0.65,0,40,30,20,10,0,25,75,0,0,0,70,0,30,0,g,3,1,rbt1
143,Steep Side Channel,2001-03-15,61,CHN,400,45,50,0.76999998,9.2,51,0.77,0,60,0,0,20,20,20,80,0,0,0,50,0,50,0,g,2,0,chn0
143,Steep Side Channel,2001-03-15,61,CHN,50,50,50,0.76999998,9.2,51,0.77,0,60,0,0,20,20,20,80,0,0,0,50,0,50,0,g,2,0,chn0
143,Steep Side Channel,2001-03-15,61,CHN,20,60,50,0.76999998,9.2,51,0.77,0,60,0,0,20,20,20,80,0,0,0,50,0,50,0,g,2,0,chn0
143,Steep Side Channel,2001-03-15,61,CHN,5,40,10,0,0.1,15,1.11,0,20,20,30,0,30,25,0,0,75,0,0,50,50,0,g,1,0,chn0
143,Steep Side Channel,2001-03-15,61,CHN,1500,40,20,0,21.1,45,0,0,100,0,0,0,0,30,70,0,0,0,0,50,50,0,g,1,0,chn0
144,"Eye Riffle, Unit #208",2001-03-15,60.2,CHN,50,35,10,0.69999999,0.2,25,0,0,10,0,20,50,20,70,20,0,10,0,40,60,0,0,g,2,0,chn0
144,"Eye Riffle, Unit #208",2001-03-15,60.2,RBTS,1,25,8,0,3.1,12,0.75,0,20,0,60,20,0,20,20,0,60,0,10,0,90,0,g,1,0,rbt0
144,"Eye Riffle, Unit #208",2001-03-15,60.2,CHN,250,45,10,0.69999999,6.1,23,0.7,0,80,0,0,20,0,30,10,0,60,0,0,20,80,0,g,1,0,chn0
144,"Eye Riffle, Unit #208",2001-03-15,60.2,CHN,150,40,15,0.67000002,12.1,23,0.72,0,10,0,30,60,0,75,25,0,0,0,20,60,20,0,g,1,0,chn0
144,"Eye Riffle, Unit #208",2001-03-15,60.2,CHN,50,40,5,1.12,24.2,32,1.75,0,0,0,70,30,0,100,0,0,0,0,100,0,0,10,g,2,0,chn0
145,River Right Below Vance Ave Bridge,2001-03-15,58.5,CHN,25,40,10,0,3.3,35,0,40,0,0,50,0,10,100,0,0,0,0,100,0,0,0,g,3,0,chn0
146,Big Bar - Middle Island River Right,2001-03-15,53.4,CHN,1,40,0,0,6.4,17,0.18,0,0,80,20,0,0,100,0,0,0,0,100,0,0,0,g,4,0,chn0
